Workbook

Sheet Instructivo
B2: COLEGIO MARÍA AUXILIADORA DE SOACHA
B3: Arquitectura del plan de estudios 2027 · Tarea 1.5.1 · Libro de trabajo
B4: Asistencia técnica EICIT · Versión 3 · malla definitiva del consenso del 30 de septiembre de 2026
B6: Encuadre | C6: EICIT propone, diseña y acompaña; el Colegio delibera, decide y adopta. Esta malla es una propuesta técnica: su versión definitiva corresponde al Consejo Académico, al Consejo Directivo y a la resolución rectoral, con plena autonomía curricular y preservando la identidad salesiana.
B7: Estado | C7: Versión definitiva: incorpora el consenso del 30 de septiembre de 2026 y el acta de consenso de la tarea 1.5.1. Es la fuente única para el PEI (§3.3) y para la elaboración de los planes de estudio, que se incorporan como anexos en desarrollo.
B8: Propósito | C8: Definir la arquitectura del plan de estudios 2027: áreas obligatorias (arts. 23 y 31 de la Ley 115), optativas, énfasis y especialidad técnica; intensidades semanales por asignatura y grado; verificación de mínimos legales y de la regla 80/20. Es el insumo 1 para generar los planes de estudio en el formato 1.5.2.
B9: Insumos | C9: Versión definitiva de la malla por horas del Colegio (MALLA_X_HORAS_Ver_2.xlsx, «V2»), hoja crono_academico, Horario base 2027, horario del II semestre de 2026, resultados Saber 11 2023–2025 (matriz 1.2.4), matriz de referentes 1.3.6, formato de plan de estudios 1.5.2 y propuesta v1 de esta tarea.
B10: Cómo usar | C10: Las celdas en azul son editables. Al modificar una intensidad en Malla_2027, se recalculan los totales, la verificación normativa (Validacion), el comparativo y el catálogo de planes con sus sesiones por período. Los parámetros de tiempo escolar están en Parametros y Calendario_2027.
B11: Hojas | C11: Parametros · Calendario_2027 · Calendario_2027_40s y Vista_mensual_2027 (alternativa) · Malla_2027 · Validacion · Calidad_Saber11 · Innovacion · Catalogo_planes · Comparativo · Acuerdos · Transversales · Decisiones_CMA.
B12: Cómputo del tiempo | C12: El Decreto 0277 de 2025 exige 40 semanas lectivas y fija 37 h semanales y 1.480 anuales para la media técnica. La hoja Parametros permite elegir el criterio de cómputo de la sesión de 55 min (estricto o Decreto 0277) y el carácter de la media; la verificación se recalcula.
B13: Acuerdos clave | C13: Física en Ciencias Naturales; historia integrada en Ciencias Sociales y en Ciencias Económicas y Políticas (Ley 1874 de 2017); competencias ciudadanas en Ética; sesión de 55 + 5 min = 1 hora efectiva; 38 semanas completas; Cátedra de Educación Emocional como proyecto transversal; Infancia Misionera como proyecto pastoral sin plan de estudios.
B15: Cifras clave (se actualizan con las fórmulas)
B16: Planes de estudio por elaborar | C16: =Catalogo_planes!H154 -> 146
B17: Días lectivos efectivos proyectados (2027) | C17: =Calendario_2027!G11 -> 180
B18: Horas efectivas anuales 6°–9° · Escenario 1 | C18: =Validacion!H11 -> 1330
B19: Horas efectivas anuales 6°–9° · Escenario 2 (40 semanas) | C19: =Validacion!H12 -> 1400
B20: Días mínimos para cumplir 1.200 h en 6°–9° | C20: =Validacion!H16 -> 172
B21: Horas anuales 10°–11° · Escenario 1 | C21: =Validacion!L11 -> 1406
B22: Brecha de la media técnica frente a 1.480 h | C22: =Validacion!L13-Validacion!L11 -> 74
B23: Contingencia: segunda franja de 2 h · horas anuales media | C23: =(Validacion!L8+2)*Parametros!C11/5 -> 1482
B24: Base del cómputo anual | C24: =Parametros!C32 -> Semanas lectivas del calendario
B25: Mínimo anual aplicable a 10°–11° | C25: =Validacion!L13 -> 1480
B26: Criterio de cómputo de la sesión | C26: =Parametros!C28 -> Decreto 0277 de 2025 (55 min + 5 de descanso = 1 h efectiva)
B27: Decisiones pendientes del Colegio | C27: =COUNTIF(Decisiones_CMA!G5:G19,"Pendiente*") -> 3
B28: Aporte de Matemáticas, Sociales y C. Naturales a la caída del global Saber 11 | C28: =Calidad_Saber11!H7+Calidad_Saber11!H8+Calidad_Saber11!H9 -> 0.84448819

Sheet Parametros
A1: Parámetros del tiempo escolar 2027
A2: EICIT_CMA_1.5.1 · Versión 3 · consenso del 30 de septiembre de 2026 (acta de consenso, tarea 1.5.1). EICIT propone; el Colegio María Auxiliadora de Soacha delibera, decide y adopta (Consejo Académico → Consejo Directivo → resolución rectoral).
B3: Parámetro | C3: Valor | D3: Fuente / nota
B4: Duración de la sesión regular (min) | C4: 55 | D4: Horario base 2027 del Colegio
B5: Sesiones diarias en jornada regular | C5: 7 | D5: Horario base 2027 (06:45–14:30; Horas 1 a 7)
B6: Días de clase por semana | C6: 5 | D6: Horario base 2027
B7: Sesiones semanales en jornada regular | C7: =C5*C6 -> 35 | D7: Cálculo
B8: Duración de la sesión en jornada extendida (min) | C8: 60 | D8: Horario base 2027: 120 min/semana en 10°–11°
B9: Sesiones semanales en jornada extendida (10°–11°) | C9: 2 | D9: Horario base 2027
B11: Escenario 1 · calendario adoptado por el Colegio (días equivalentes) | C11: =IF(LEFT(C32,7)="Semanas",C33*5,Calendario_2027!G11) -> 190 | D11: Según la base de cómputo (C32): semanas lectivas × 5 o días efectivos
B12: Escenario 2 · calendario alternativo de 40 semanas (días equivalentes) | C12: =IF(LEFT(C32,7)="Semanas",C34*5,Calendario_2027_40s!G10) -> 200 | D12: Hoja Calendario_2027_40s
B14: Semanas planeables · Período 1 | C14: 10 | D14: Proyección de cronograma 2027 del Colegio (ver nota de Semana Santa)
B15: Semanas planeables · Período 2 | C15: 9 | D15: Proyección del Colegio
B16: Semanas planeables · Período 3 | C16: 9 | D16: Proyección del Colegio
B17: Semanas planeables · Período 4 | C17: 9 | D17: Proyección del Colegio
B18: Total semanas planeables | C18: =SUM(C14:C17) -> 37 | D18: Las 2 semanas de refuerzo no se planean con contenido nuevo
B20: Mínimos de intensidad en horas efectivas de 60 minutos: Resolución MEN 1730 de 2004 (no oficiales) y Decreto 0277 de 2025 (estatales; referencia de la SEM)
B21: Nivel | C21: Horas semanales | D21: Horas anuales
B22: Preescolar | C22: 20 | D22: 800
B23: Básica primaria | C23: 25 | D23: 1000
B24: Básica secundaria y media académica | C24: 30 | D24: 1200
B25: Proporción mínima de intensidad en áreas obligatorias | C25: 0.8 | D25: Ley 115, arts. 23 y 31; Decreto 1075 de 2015, art. 2.4.3.1.2, par. 1, modificado por el Decreto 0277 de 2025
B26: Proporción máxima de énfasis institucional dentro de cada asignatura | C26: 0.2 | D26: Regla institucional propuesta (tarea 1.5.1) para el campo 80/20 del formato 1.5.2
B27: Cómputo de la sesión y carácter de la media
B28: Criterio de cómputo de la sesión regular | C28: Decreto 0277 de 2025 (55 min + 5 de descanso = 1 h efectiva) | D28: Seleccione. Decreto 0277, art. 2.4.3.1.2, par. 3: 5 min de cada periodo de 60 min son descanso pedagógico. Alternativa: minutos reales (lectura estricta). Ver D-14.
B29: Minutos efectivos por sesión regular | C29: =IF(LEFT(C28,7)="Decreto",60,C4) -> 60 | D29: Cálculo según el criterio
B30: Carácter de la media en 2027 | C30: Media técnica | D30: Seleccione: Media técnica / Media académica
B31: Mínimo media técnica (h semanales / h anuales) | C31: 37 | D31: 1480
B32: Base del cómputo anual | C32: Semanas lectivas del calendario | D32: Acordado: semanas lectivas completas, sin descontar festivos (acta de consenso). Alternativa: días efectivos
B33: Escenario 1 · semanas lectivas del calendario adoptado | C33: 38 | D33: Acordado en el consenso del 30 de septiembre de 2026
B34: Escenario 2 · semanas lectivas del calendario alternativo | C34: =Calendario_2027_40s!F10 -> 40 | D34: Hoja Calendario_2027_40s

Sheet Calendario_2027
A1: Calendario académico 2027 adoptado por el Colegio · 38 semanas lectivas completas
A2: EICIT_CMA_1.5.1 · Versión 3 · consenso del 30 de septiembre de 2026 (acta de consenso, tarea 1.5.1). EICIT propone; el Colegio María Auxiliadora de Soacha delibera, decide y adopta (Consejo Académico → Consejo Directivo → resolución rectoral). Fechas trasladadas a 2027 (el insumo registra 2026 por error de digitación). El cómputo acordado usa semanas completas; los días efectivos se muestran como referencia.
A5: Período | B5: Semanas (Colegio) | C5: Inicio | D5: Fin | E5: Receso: inicio | F5: Receso: fin | G5: Días hábiles efectivos | H5: Observación | J5: Festivos 2027 (Colombia)
A6: Período 1 | B6: 10 | C6: 46420 | D6: 46486 | E6: 46468 | F6: 46472 | G6: =NETWORKDAYS(C6,D6,$J$6:$J$23)-IF(E6="",0,NETWORKDAYS(E6,F6,$J$6:$J$23)) -> 44 | H6: Receso de Semana Santa supuesto (22–26 de marzo). Confirmar. | J6: 46388
A7: Período 2 | B7: 9 | C7: 46490 | D7: 46549 | G7: =NETWORKDAYS(C7,D7,$J$6:$J$23)-IF(E7="",0,NETWORKDAYS(E7,F7,$J$6:$J$23)) -> 41 | H7: Incluye festivos 10 y 31 de mayo y 7 de junio. | J7: 46398
A8: Período 3 | B8: 9 | C8: 46552 | D8: 46633 | E8: 46560 | F8: 46580 | G8: =NETWORKDAYS(C8,D8,$J$6:$J$23)-IF(E8="",0,NETWORKDAYS(E8,F8,$J$6:$J$23)) -> 43 | H8: Receso de mitad de año 22 de junio–12 de julio; festivos 20 de julio y 16 de agosto. | J8: 46468
A9: Período 4 | B9: 9 | C9: 46636 | D9: 46703 | E9: 46671 | F9: 46675 | G9: =NETWORKDAYS(C9,D9,$J$6:$J$23)-IF(E9="",0,NETWORKDAYS(E9,F9,$J$6:$J$23)) -> 43 | H9: Receso 11–15 de octubre; festivos 18 de octubre y 1 de noviembre. | J9: 46471
A10: Refuerzos y recuperaciones | B10: 2 | C10: 46707 | D10: 46717 | G10: =NETWORKDAYS(C10,D10,$J$6:$J$23)-IF(E10="",0,NETWORKDAYS(E10,F10,$J$6:$J$23)) -> 9 | H10: Cuenta como trabajo académico solo si asisten todos los estudiantes. | J10: 46472
A11: Total | G11: =SUM(G6:G10) -> 180 | J11: 46508
A12: Semanas equivalentes (días ÷ 5) | G12: =G11/5 -> 36 | J12: 46517
A13: Brecha frente a 40 semanas (200 días) | G13: =200-G11 -> 20 | J13: 46538
J14: 46545
A15: Nota: Formación Salesiana (15 min diarios) no se computa como intensidad de área. | J15: 46573
J16: 46588
J17: 46606
J18: 46615
J19: 46678
J20: 46692
J21: 46706
J22: 46729
J23: 46746

Sheet Calendario_2027_40s
A1: Calendario 2027 de 40 semanas · alternativa presentada (Escenario 2)
A2: EICIT_CMA_1.5.1 · Versión 3 · consenso del 30 de septiembre de 2026 (acta de consenso, tarea 1.5.1). EICIT propone; el Colegio María Auxiliadora de Soacha delibera, decide y adopta (Consejo Académico → Consejo Directivo → resolución rectoral).
A3: Alternativa presentada el 30 de septiembre de 2026; el Colegio adoptó 38 semanas lectivas completas (Escenario 1). Se conserva como referencia de contingencia. Cuatro períodos de 10 semanas lectivas; inicio el 25 de enero; receso de mitad de año de 2 semanas; semana de receso de octubre (Decreto 1373 de 2007); refuerzo integrado al Período 4 como semanas de profundización y nivelación con todos los estudiantes. Jornada extendida de 10°–11° en miércoles y jueves (sin festivos en semanas lectivas).
A5: Período | B5: Inicio | C5: Fin | D5: Receso: inicio | E5: Receso: fin | F5: Semanas lectivas | G5: Días efectivos | H5: Miércoles lectivos | I5: Jueves lectivos | J5: Observación
A6: Período 1 | B6: 46412 | C6: 46486 | D6: 46468 | E6: 46472 | F6: 10 | G6: =NETWORKDAYS(B6,C6,Calendario_2027!$J$6:$J$23)-IF(D6="",0,NETWORKDAYS(D6,E6,Calendario_2027!$J$6:$J$23)) -> 50 | H6: =NETWORKDAYS.INTL(B6,C6,"1101111",Calendario_2027!$J$6:$J$23)-IF(D6="",0,NETWORKDAYS.INTL(D6,E6,"1101111",Calendario_2027!$J$6:$J$23)) -> 10 | I6: =NETWORKDAYS.INTL(B6,C6,"1110111",Calendario_2027!$J$6:$J$23)-IF(D6="",0,NETWORKDAYS.INTL(D6,E6,"1110111",Calendario_2027!$J$6:$J$23)) -> 10 | J6: Receso de Semana Santa (22–26 de marzo).
A7: Período 2 | B7: 46489 | C7: 46556 | F7: 10 | G7: =NETWORKDAYS(B7,C7,Calendario_2027!$J$6:$J$23)-IF(D7="",0,NETWORKDAYS(D7,E7,Calendario_2027!$J$6:$J$23)) -> 47 | H7: =NETWORKDAYS.INTL(B7,C7,"1101111",Calendario_2027!$J$6:$J$23)-IF(D7="",0,NETWORKDAYS.INTL(D7,E7,"1101111",Calendario_2027!$J$6:$J$23)) -> 10 | I7: =NETWORKDAYS.INTL(B7,C7,"1110111",Calendario_2027!$J$6:$J$23)-IF(D7="",0,NETWORKDAYS.INTL(D7,E7,"1110111",Calendario_2027!$J$6:$J$23)) -> 10 | J7: Festivos 10 y 31 de mayo y 7 de junio.
A8: Período 3 | B8: 46574 | C8: 46640 | F8: 10 | G8: =NETWORKDAYS(B8,C8,Calendario_2027!$J$6:$J$23)-IF(D8="",0,NETWORKDAYS(D8,E8,Calendario_2027!$J$6:$J$23)) -> 47 | H8: =NETWORKDAYS.INTL(B8,C8,"1101111",Calendario_2027!$J$6:$J$23)-IF(D8="",0,NETWORKDAYS.INTL(D8,E8,"1101111",Calendario_2027!$J$6:$J$23)) -> 10 | I8: =NETWORKDAYS.INTL(B8,C8,"1110111",Calendario_2027!$J$6:$J$23)-IF(D8="",0,NETWORKDAYS.INTL(D8,E8,"1110111",Calendario_2027!$J$6:$J$23)) -> 10 | J8: Inicia el martes 6 de julio (5 de julio festivo). Saber 11 calendario A: agosto, fecha por confirmar ICFES.
A9: Período 4 | B9: 46643 | C9: 46717 | D9: 46671 | E9: 46675 | F9: 10 | G9: =NETWORKDAYS(B9,C9,Calendario_2027!$J$6:$J$23)-IF(D9="",0,NETWORKDAYS(D9,E9,Calendario_2027!$J$6:$J$23)) -> 47 | H9: =NETWORKDAYS.INTL(B9,C9,"1101111",Calendario_2027!$J$6:$J$23)-IF(D9="",0,NETWORKDAYS.INTL(D9,E9,"1101111",Calendario_2027!$J$6:$J$23)) -> 10 | I9: =NETWORKDAYS.INTL(B9,C9,"1110111",Calendario_2027!$J$6:$J$23)-IF(D9="",0,NETWORKDAYS.INTL(D9,E9,"1110111",Calendario_2027!$J$6:$J$23)) -> 10 | J9: Receso de octubre 11–15. Semanas 16–26 de noviembre: profundización y nivelación con todos los estudiantes.
A10: Total | F10: =SUM(F6:F9) -> 40 | G10: =SUM(G6:G9) -> 191 | H10: =SUM(H6:H9) -> 40 | I10: =SUM(I6:I9) -> 40
A12: Nivel | B12: Sesiones regulares/sem | C12: Horas extendidas/sem | D12: Lectura de la sesión | E12: Horas/año · por semanas | F12: Horas/año · por días | G12: Mínimo anual | H12: ¿Cumple por semanas? | I12: ¿Cumple por días?
A13: Transición a 9° | B13: 35 | C13: 0 | D13: Decreto 0277 | E13: =(B13*60/60+C13)*$F$10 -> 1400 | F13: =$G$10*B13/5*60/60+0 -> 1337 | G13: 1200 | H13: =IF(E13>=G13,"Cumple","No cumple") -> Cumple | I13: =IF(F13>=G13,"Cumple","No cumple") -> Cumple
A14: Transición a 9° | B14: 35 | C14: 0 | D14: Estricta | E14: =(B14*55/60+C14)*$F$10 -> 1283.3333 | F14: =$G$10*B14/5*55/60+0 -> 1225.5833 | G14: 1200 | H14: =IF(E14>=G14,"Cumple","No cumple") -> Cumple | I14: =IF(F14>=G14,"Cumple","No cumple") -> Cumple
A15: 10°–11° media técnica · extendida 2 h (miércoles) | B15: 35 | C15: 2 | D15: Decreto 0277 | E15: =(B15*60/60+C15)*$F$10 -> 1480 | F15: =$G$10*B15/5*60/60+2*($H$10) -> 1417 | G15: 1480 | H15: =IF(E15>=G15,"Cumple","No cumple") -> Cumple | I15: =IF(F15>=G15,"Cumple","No cumple") -> No cumple
A16: 10°–11° media técnica · extendida 2 h (miércoles) | B16: 35 | C16: 2 | D16: Estricta | E16: =(B16*55/60+C16)*$F$10 -> 1363.3333 | F16: =$G$10*B16/5*55/60+2*($H$10) -> 1305.5833 | G16: 1480 | H16: =IF(E16>=G16,"Cumple","No cumple") -> No cumple | I16: =IF(F16>=G16,"Cumple","No cumple") -> No cumple
A17: 10°–11° media técnica · extendida 4 h (miércoles y jueves) | B17: 35 | C17: 4 | D17: Decreto 0277 | E17: =(B17*60/60+C17)*$F$10 -> 1560 | F17: =$G$10*B17/5*60/60+4/2*($H$10+$I$10) -> 1497 | G17: 1480 | H17: =IF(E17>=G17,"Cumple","No cumple") -> Cumple | I17: =IF(F17>=G17,"Cumple","No cumple") -> Cumple
A18: 10°–11° media técnica · extendida 5 h (miércoles y jueves) | B18: 35 | C18: 5 | D18: Estricta | E18: =(B18*55/60+C18)*$F$10 -> 1483.3333 | F18: =$G$10*B18/5*55/60+5/2*($H$10+$I$10) -> 1425.5833 | G18: 1480 | H18: =IF(E18>=G18,"Cumple","No cumple") -> Cumple | I18: =IF(F18>=G18,"Cumple","No cumple") -> No cumple
A19: «Por semanas»: intensidad semanal × semanas lectivas del calendario (práctica usual de verificación). «Por días»: días efectivos descontados festivos (lectura prudencial). Transición a 9°: mínimo de secundaria (1.200 h), el más exigente del tramo.
A22: Hito o tiempo institucional | B22: Fechas | C22: Tipo
A23: Desarrollo institucional de inicio de año | B23: 12–22 de enero | C23: Desarrollo institucional
A24: Inicio de clases | B24: 25 de enero | C24: Hito
A25: Receso de Semana Santa | B25: 22–26 de marzo | C25: Receso estudiantil
A26: Cierre Período 1 · informes | B26: 9 de abril | C26: Hito
A27: Cierre Período 2 · informes | B27: 18 de junio | C27: Hito
A28: Desarrollo institucional de mitad de año | B28: 21–25 de junio | C28: Desarrollo institucional
A29: Receso de mitad de año (estudiantes) | B29: 21 de junio – 2 de julio | C29: Receso estudiantil
A30: Reinicio de clases | B30: 6 de julio | C30: Hito
A31: Saber 11 (calendario A) | B31: Agosto · fecha por confirmar ICFES | C31: Hito
A32: Cierre Período 3 · informes | B32: 10 de septiembre | C32: Hito
A33: Receso de octubre / desarrollo institucional | B33: 11–15 de octubre | C33: Receso estudiantil
... A35: Comisiones de evaluación y promoción, clausura y planeación 2028 | B35: 29 de noviembre – 10 de diciembre | C35: Desarrollo institucional
A37: Desarrollo institucional: 6 semanas (12–22 ene; 21–25 jun; 11–15 oct; 29 nov–10 dic). Las vacaciones docentes y la distribución exacta las fija la Rectoría según los contratos laborales.

Sheet Vista_mensual_2027
A1: Calendario 2027 de 40 semanas · vista mensual (alternativa, Escenario 2)
A2: EICIT_CMA_1.5.1 · Versión 3 · consenso del 30 de septiembre de 2026 (acta de consenso, tarea 1.5.1). EICIT propone; el Colegio María Auxiliadora de Soacha delibera, decide y adopta (Consejo Académico → Consejo Directivo → resolución rectoral).
A4: Convenciones: | J4: Lectivo | O4: Festivo | T4: Receso estudiantil | Y4: Desarrollo institucional
A5: Enero | I5: Febrero | Q5: Marzo | Y5: Abril
A6: L | B6: M | C6: M | D6: J | E6: V | F6: S | G6: D | I6: L | J6: M | K6: M | L6: J | M6: V | N6: S | O6: D | Q6: L | R6: M | S6: M | T6: J | U6: V | V6: S | W6: D | Y6: L | Z6: M | AA6: M | AB6: J | AC6: V | AD6: S | AE6: D
E7: 1 | F7: 2 | G7: 3 | I7: 1 | J7: 2 | K7: 3 | L7: 4 | M7: 5 | N7: 6 | O7: 7 | Q7: 1 | R7: 2 | S7: 3 | T7: 4 | U7: 5 | V7: 6 | W7: 7 | AB7: 1 | AC7: 2 | AD7: 3 | AE7: 4
A8: 4 | B8: 5 | C8: 6 | D8: 7 | E8: 8 | F8: 9 | G8: 10 | I8: 8 | J8: 9 | K8: 10 | L8: 11 | M8: 12 | N8: 13 | O8: 14 | Q8: 8 | R8: 9 | S8: 10 | T8: 11 | U8: 12 | V8: 13 | W8: 14 | Y8: 5 | Z8: 6 | AA8: 7 | AB8: 8 | AC8: 9 | AD8: 10 | AE8: 11
A9: 11 | B9: 12 | C9: 13 | D9: 14 | E9: 15 | F9: 16 | G9: 17 | I9: 15 | J9: 16 | K9: 17 | L9: 18 | M9: 19 | N9: 20 | O9: 21 | Q9: 15 | R9: 16 | S9: 17 | T9: 18 | U9: 19 | V9: 20 | W9: 21 | Y9: 12 | Z9: 13 | AA9: 14 | AB9: 15 | AC9: 16 | AD9: 17 | AE9: 18
A10: 18 | B10: 19 | C10: 20 | D10: 21 | E10: 22 | F10: 23 | G10: 24 | I10: 22 | J10: 23 | K10: 24 | L10: 25 | M10: 26 | N10: 27 | O10: 28 | Q10: 22 | R10: 23 | S10: 24 | T10: 25 | U10: 26 | V10: 27 | W10: 28 | Y10: 19 | Z10: 20 | AA10: 21 | AB10: 22 | AC10: 23 | AD10: 24 | AE10: 25
A11: 25 | B11: 26 | C11: 27 | D11: 28 | E11: 29 | F11: 30 | G11: 31 | Q11: 29 | R11: 30 | S11: 31 | Y11: 26 | Z11: 27 | AA11: 28 | AB11: 29 | AC11: 30
A14: Mayo | I14: Junio | Q14: Julio | Y14: Agosto
A15: L | B15: M | C15: M | D15: J | E15: V | F15: S | G15: D | I15: L | J15: M | K15: M | L15: J | M15: V | N15: S | O15: D | Q15: L | R15: M | S15: M | T15: J | U15: V | V15: S | W15: D | Y15: L | Z15: M | AA15: M | AB15: J | AC15: V | AD15: S | AE15: D
F16: 1 | G16: 2 | J16: 1 | K16: 2 | L16: 3 | M16: 4 | N16: 5 | O16: 6 | T16: 1 | U16: 2 | V16: 3 | W16: 4 | AE16: 1
A17: 3 | B17: 4 | C17: 5 | D17: 6 | E17: 7 | F17: 8 | G17: 9 | I17: 7 | J17: 8 | K17: 9 | L17: 10 | M17: 11 | N17: 12 | O17: 13 | Q17: 5 | R17: 6 | S17: 7 | T17: 8 | U17: 9 | V17: 10 | W17: 11 | Y17: 2 | Z17: 3 | AA17: 4 | AB17: 5 | AC17: 6 | AD17: 7 | AE17: 8
A18: 10 | B18: 11 | C18: 12 | D18: 13 | E18: 14 | F18: 15 | G18: 16 | I18: 14 | J18: 15 | K18: 16 | L18: 17 | M18: 18 | N18: 19 | O18: 20 | Q18: 12 | R18: 13 | S18: 14 | T18: 15 | U18: 16 | V18: 17 | W18: 18 | Y18: 9 | Z18: 10 | AA18: 11 | AB18: 12 | AC18: 13 | AD18: 14 | AE18: 15
A19: 17 | B19: 18 | C19: 19 | D19: 20 | E19: 21 | F19: 22 | G19: 23 | I19: 21 | J19: 22 | K19: 23 | L19: 24 | M19: 25 | N19: 26 | O19: 27 | Q19: 19 | R19: 20 | S19: 21 | T19: 22 | U19: 23 | V19: 24 | W19: 25 | Y19: 16 | Z19: 17 | AA19: 18 | AB19: 19 | AC19: 20 | AD19: 21 | AE19: 22
A20: 24 | B20: 25 | C20: 26 | D20: 27 | E20: 28 | F20: 29 | G20: 30 | I20: 28 | J20: 29 | K20: 30 | Q20: 26 | R20: 27 | S20: 28 | T20: 29 | U20: 30 | V20: 31 | Y20: 23 | Z20: 24 | AA20: 25 | AB20: 26 | AC20: 27 | AD20: 28 | AE20: 29
A21: 31 | Y21: 30 | Z21: 31
A23: Septiembre | I23: Octubre | Q23: Noviembre | Y23: Diciembre
A24: L | B24: M | C24: M | D24: J | E24: V | F24: S | G24: D | I24: L | J24: M | K24: M | L24: J | M24: V | N24: S | O24: D | Q24: L | R24: M | S24: M | T24: J | U24: V | V24: S | W24: D | Y24: L | Z24: M | AA24: M | AB24: J | AC24: V | AD24: S | AE24: D
C25: 1 | D25: 2 | E25: 3 | F25: 4 | G25: 5 | M25: 1 | N25: 2 | O25: 3 | Q25: 1 | R25: 2 | S25: 3 | T25: 4 | U25: 5 | V25: 6 | W25: 7 | AA25: 1 | AB25: 2 | AC25: 3 | AD25: 4 | AE25: 5
A26: 6 | B26: 7 | C26: 8 | D26: 9 | E26: 10 | F26: 11 | G26: 12 | I26: 4 | J26: 5 | K26: 6 | L26: 7 | M26: 8 | N26: 9 | O26: 10 | Q26: 8 | R26: 9 | S26: 10 | T26: 11 | U26: 12 | V26: 13 | W26: 14 | Y26: 6 | Z26: 7 | AA26: 8 | AB26: 9 | AC26: 10 | AD26: 11 | AE26: 12
A27: 13 | B27: 14 | C27: 15 | D27: 16 | E27: 17 | F27: 18 | G27: 19 | I27: 11 | J27: 12 | K27: 13 | L27: 14 | M27: 15 | N27: 16 | O27: 17 | Q27: 15 | R27: 16 | S27: 17 | T27: 18 | U27: 19 | V27: 20 | W27: 21 | Y27: 13 | Z27: 14 | AA27: 15 | AB27: 16 | AC27: 17 | AD27: 18 | AE27: 19
A28: 20 | B28: 21 | C28: 22 | D28: 23 | E28: 24 | F28: 25 | G28: 26 | I28: 18 | J28: 19 | K28: 20 | L28: 21 | M28: 22 | N28: 23 | O28: 24 | Q28: 22 | R28: 23 | S28: 24 | T28: 25 | U28: 26 | V28: 27 | W28: 28 | Y28: 20 | Z28: 21 | AA28: 22 | AB28: 23 | AC28: 24 | AD28: 25 | AE28: 26
A29: 27 | B29: 28 | C29: 29 | D29: 30 | I29: 25 | J29: 26 | K29: 27 | L29: 28 | M29: 29 | N29: 30 | O29: 31 | Q29: 29 | R29: 30 | Y29: 27 | Z29: 28 | AA29: 29 | AB29: 30 | AC29: 31

Sheet Malla_2027
A1: Malla por horas 2027 · distribución semanal por asignatura y grado (definitiva, consenso)
A2: EICIT_CMA_1.5.1 · Versión 3 · consenso del 30 de septiembre de 2026 (acta de consenso, tarea 1.5.1). EICIT propone; el Colegio María Auxiliadora de Soacha delibera, decide y adopta (Consejo Académico → Consejo Directivo → resolución rectoral).
A3: Convenciones: celdas de intensidad en azul = datos editables por el Colegio. Tipo «Obligatoria» = áreas de los arts. 23 y 31 de la Ley 115. Básica y media en esta tabla; Transición en la tabla inferior.
A5: Código | B5: Área (Ley 115) | C5: Asignatura | D5: Tipo | E5: 1° | F5: 2° | G5: 3° | H5: 4° | I5: 5° | J5: 6° | K5: 7° | L5: 8° | M5: 9° | N5: 10° | O5: 11° | P5: Total | Q5: Duración efectiva (min) | R5: Observación
A6: CNA | B6: Ciencias Naturales y Educación Ambiental | C6: Ciencias Naturales y Educación Ambiental | D6: Obligatoria (art. 23) | E6: 4 | F6: 4 | G6: 4 | H6: 4 | I6: 4 | J6: 4 | K6: 4 | L6: 4 | M6: 4 | N6: 0 | O6: 0 | P6: =SUM(E6:O6) -> 36 | Q6: =Parametros!$C$29 -> 60 | R6: Sin cambio.
A7: QUI | B7: Ciencias Naturales y Educación Ambiental | C7: Química | D7: Obligatoria (art. 23) | E7: 0 | F7: 0 | G7: 0 | H7: 0 | I7: 0 | J7: 0 | K7: 0 | L7: 0 | M7: 0 | N7: 3 | O7: 3 | P7: =SUM(E7:O7) -> 6 | Q7: =Parametros!$C$29 -> 60 | R7: Integra el componente biológico y CTS que evalúa Saber 11.
A8: FIS | B8: Ciencias Naturales y Educación Ambiental | C8: Física | D8: Obligatoria (art. 23) | E8: 0 | F8: 0 | G8: 0 | H8: 0 | I8: 0 | J8: 0 | K8: 0 | L8: 0 | M8: 0 | N8: 3 | O8: 3 | P8: =SUM(E8:O8) -> 6 | Q8: =Parametros!$C$29 -> 60 | R8: Ubicada en Ciencias Naturales y Educación Ambiental (consenso).
A9: SOC | B9: Ciencias Sociales, Historia, Geografía, Constitución Política y Democracia | C9: Ciencias Sociales | D9: Obligatoria (art. 23) | E9: 4 | F9: 4 | G9: 4 | H9: 4 | I9: 4 | J9: 5 | K9: 5 | L9: 5 | M9: 5 | N9: 0 | O9: 0 | P9: =SUM(E9:O9) -> 40 | Q9: =Parametros!$C$29 -> 60 | R9: Historia de Colombia integrada y reforzada como disciplina (Ley 1874 de 2017).
A10: CEP | B10: Ciencias Sociales, Historia, Geografía, Constitución Política y Democracia | C10: Ciencias Económicas y Políticas | D10: Obligatoria media (art. 31) | E10: 0 | F10: 0 | G10: 0 | H10: 0 | I10: 0 | J10: 0 | K10: 0 | L10: 0 | M10: 0 | N10: 2 | O10: 2 | P10: =SUM(E10:O10) -> 4 | Q10: =Parametros!$C$29 -> 60 | R10: Da continuidad a Ciencias Sociales en la media, con historia de Colombia integrada.
A11: FIL | B11: Filosofía | C11: Filosofía | D11: Obligatoria media (art. 31) | E11: 0 | F11: 0 | G11: 0 | H11: 0 | I11: 0 | J11: 0 | K11: 0 | L11: 0 | M11: 0 | N11: 2 | O11: 2 | P11: =SUM(E11:O11) -> 4 | Q11: =Parametros!$C$29 -> 60 | R11: Aporta a Lectura Crítica.
A12: ART | B12: Educación Artística y Cultural | C12: Artes plásticas | D12: Obligatoria (art. 23) | E12: 1 | F12: 1 | G12: 1 | H12: 1 | I12: 1 | J12: 1 | K12: 1 | L12: 1 | M12: 0 | N12: 0 | O12: 0 | P12: =SUM(E12:O12) -> 8 | Q12: =Parametros!$C$29 -> 60 | R12: 1 h en 1°–8°; sin asignación en 9° (el área continúa con Música y Danzas).
A13: MUS | B13: Educación Artística y Cultural | C13: Música | D13: Obligatoria (art. 23) | E13: 1 | F13: 1 | G13: 1 | H13: 1 | I13: 1 | J13: 1 | K13: 1 | L13: 1 | M13: 1 | N13: 1 | O13: 1 | P13: =SUM(E13:O13) -> 11 | Q13: =Parametros!$C$29 -> 60 | R13: Sin cambio.
A14: DAN | B14: Educación Artística y Cultural | C14: Danzas | D14: Obligatoria (art. 23) | E14: 1 | F14: 1 | G14: 1 | H14: 1 | I14: 1 | J14: 1 | K14: 1 | L14: 1 | M14: 1 | N14: 1 | O14: 1 | P14: =SUM(E14:O14) -> 11 | Q14: =Parametros!$C$29 -> 60 | R14: Sin cambio.
A15: ETI | B15: Educación Ética y en Valores Humanos | C15: Ética y Valores Humanos | D15: Obligatoria (art. 23) | E15: 1 | F15: 1 | G15: 1 | H15: 1 | I15: 1 | J15: 1 | K15: 1 | L15: 1 | M15: 1 | N15: 2 | O15: 2 | P15: =SUM(E15:O15) -> 13 | Q15: =Parametros!$C$29 -> 60 | R15: Incluye las competencias ciudadanas.
A16: EFI | B16: Educación Física, Recreación y Deportes | C16: Educación Física, Recreación y Deportes | D16: Obligatoria (art. 23) | E16: 2 | F16: 2 | G16: 2 | H16: 2 | I16: 2 | J16: 2 | K16: 2 | L16: 2 | M16: 2 | N16: 1 | O16: 1 | P16: =SUM(E16:O16) -> 20 | Q16: =Parametros!$C$29 -> 60 | R16: 2 h en 1°–9°; 1 h en la media.
A17: ERE | B17: Educación Religiosa | C17: Educación Religiosa Escolar | D17: Obligatoria (art. 23) | E17: 3 | F17: 3 | G17: 3 | H17: 3 | I17: 3 | J17: 3 | K17: 3 | L17: 3 | M17: 3 | N17: 3 | O17: 3 | P17: =SUM(E17:O17) -> 33 | Q17: =Parametros!$C$29 -> 60 | R17: Sin cambio.
... A27: MTR | B27: Especialidad media técnica | C27: Media técnica: Programación para Analítica de Datos (jornada regular) | D27: Especialidad media técnica (art. 32) | E27: 0 | F27: 0 | G27: 0 | H27: 0 | I27: 0 | J27: 0 | K27: 0 | L27: 0 | M27: 0 | N27: 2 | O27: 2 | P27: =SUM(E27:O27) -> 4 | Q27: =Parametros!$C$29 -> 60 | R27: Componente SENA (programa 228117): 2 h en jornada regular.
A28: MTE | B28: Especialidad media técnica | C28: Media técnica: Programación para Analítica de Datos (jornada extendida) | D28: Especialidad media técnica (art. 32) | E28: 0 | F28: 0 | G28: 0 | H28: 0 | I28: 0 | J28: 0 | K28: 0 | L28: 0 | M28: 0 | N28: 2 | O28: 2 | P28: =SUM(E28:O28) -> 4 | Q28: =Parametros!$C$8 -> 60 | R28: 2 h en jornada extendida (120 min semanales).
C30: Total de sesiones semanales | E30: =SUM(E6:E28) -> 35 | F30: =SUM(F6:F28) -> 35 | G30: =SUM(G6:G28) -> 35 | H30: =SUM(H6:H28) -> 35 | I30: =SUM(I6:I28) -> 35 | J30: =SUM(J6:J28) -> 35 | K30: =SUM(K6:K28) -> 35 | L30: =SUM(L6:L28) -> 35 | ... O30: =SUM(O6:O28) -> 37
C31: Sesiones disponibles en la jornada | E31: 35 | F31: 35 | G31: 35 | H31: 35 | I31: 35 | J31: 35 | K31: 35 | L31: 35 | M31: 35 | N31: 37 | O31: 37
C32: Diferencia | E32: =E31-E30 -> 0 | F32: =F31-F30 -> 0 | G32: =G31-G30 -> 0 | H32: =H31-H30 -> 0 | I32: =I31-I30 -> 0 | J32: =J31-J30 -> 0 | K32: =K31-K30 -> 0 | L32: =L31-L30 -> 0 | ... O32: =O31-O30 -> 0
C33: Control | E33: =IF(E32=0,"OK","REVISAR") -> OK | F33: =IF(F32=0,"OK","REVISAR") -> OK | G33: =IF(G32=0,"OK","REVISAR") -> OK | H33: =IF(H32=0,"OK","REVISAR") -> OK | I33: =IF(I32=0,"OK","REVISAR") -> OK | J33: =IF(J32=0,"OK","REVISAR") -> OK | K33: =IF(K32=0,"OK","REVISAR") -> OK | L33: =IF(L32=0,"OK","REVISAR") -> OK | ... O33: =IF(O32=0,"OK","REVISAR") -> OK
C34: Sesiones en áreas obligatorias | E34: =SUMIF($D$6:$D$28,"Obligatoria*",E6:E28) -> 34 | F34: =SUMIF($D$6:$D$28,"Obligatoria*",F6:F28) -> 34 | G34: =SUMIF($D$6:$D$28,"Obligatoria*",G6:G28) -> 34 | H34: =SUMIF($D$6:$D$28,"Obligatoria*",H6:H28) -> 34 | I34: =SUMIF($D$6:$D$28,"Obligatoria*",I6:I28) -> 34 | J34: =SUMIF($D$6:$D$28,"Obligatoria*",J6:J28) -> 35 | K34: =SUMIF($D$6:$D$28,"Obligatoria*",K6:K28) -> 35 | L34: =SUMIF($D$6:$D$28,"Obligatoria*",L6:L28) -> 35 | ... O34: =SUMIF($D$6:$D$28,"Obligatoria*",O6:O28) -> 33
C35: Proporción en áreas obligatorias | E35: =E34/E30 -> 0.97142857 | F35: =F34/F30 -> 0.97142857 | G35: =G34/G30 -> 0.97142857 | H35: =H34/H30 -> 0.97142857 | I35: =I34/I30 -> 0.97142857 | J35: =J34/J30 -> 1 | K35: =K34/K30 -> 1 | L35: =L34/L30 -> 1 | ... O35: =O34/O30 -> 0.89189189
C36: Minutos semanales de clase | E36: =SUMPRODUCT(E6:E28,$Q$6:$Q$28) -> 2100 | F36: =SUMPRODUCT(F6:F28,$Q$6:$Q$28) -> 2100 | G36: =SUMPRODUCT(G6:G28,$Q$6:$Q$28) -> 2100 | H36: =SUMPRODUCT(H6:H28,$Q$6:$Q$28) -> 2100 | I36: =SUMPRODUCT(I6:I28,$Q$6:$Q$28) -> 2100 | J36: =SUMPRODUCT(J6:J28,$Q$6:$Q$28) -> 2100 | K36: =SUMPRODUCT(K6:K28,$Q$6:$Q$28) -> 2100 | L36: =SUMPRODUCT(L6:L28,$Q$6:$Q$28) -> 2100 | ... O36: =SUMPRODUCT(O6:O28,$Q$6:$Q$28) -> 2220
A38: Resumen por área o componente (sesiones semanales)
B39: Área o componente | E39: 2° | F39: 3° | G39: 4° | H39: 5° | I39: 6° | J39: 7° | K39: 8° | L39: 9° | M39: 10° | N39: 11°
B40: Ciencias Naturales y Educación Ambiental | E40: =SUMIF($B$6:$B$28,$B40,E$6:E$28) -> 4 | F40: =SUMIF($B$6:$B$28,$B40,F$6:F$28) -> 4 | G40: =SUMIF($B$6:$B$28,$B40,G$6:G$28) -> 4 | H40: =SUMIF($B$6:$B$28,$B40,H$6:H$28) -> 4 | I40: =SUMIF($B$6:$B$28,$B40,I$6:I$28) -> 4 | J40: =SUMIF($B$6:$B$28,$B40,J$6:J$28) -> 4 | K40: =SUMIF($B$6:$B$28,$B40,K$6:K$28) -> 4 | L40: =SUMIF($B$6:$B$28,$B40,L$6:L$28) -> 4 | ... O40: =SUMIF($B$6:$B$28,$B40,O$6:O$28) -> 6
B41: Ciencias Sociales, Historia, Geografía, Constitución Política y Democracia | E41: =SUMIF($B$6:$B$28,$B41,E$6:E$28) -> 4 | F41: =SUMIF($B$6:$B$28,$B41,F$6:F$28) -> 4 | G41: =SUMIF($B$6:$B$28,$B41,G$6:G$28) -> 4 | H41: =SUMIF($B$6:$B$28,$B41,H$6:H$28) -> 4 | I41: =SUMIF($B$6:$B$28,$B41,I$6:I$28) -> 4 | J41: =SUMIF($B$6:$B$28,$B41,J$6:J$28) -> 5 | K41: =SUMIF($B$6:$B$28,$B41,K$6:K$28) -> 5 | L41: =SUMIF($B$6:$B$28,$B41,L$6:L$28) -> 5 | ... O41: =SUMIF($B$6:$B$28,$B41,O$6:O$28) -> 2
B42: Filosofía | E42: =SUMIF($B$6:$B$28,$B42,E$6:E$28) -> 0 | F42: =SUMIF($B$6:$B$28,$B42,F$6:F$28) -> 0 | G42: =SUMIF($B$6:$B$28,$B42,G$6:G$28) -> 0 | H42: =SUMIF($B$6:$B$28,$B42,H$6:H$28) -> 0 | I42: =SUMIF($B$6:$B$28,$B42,I$6:I$28) -> 0 | J42: =SUMIF($B$6:$B$28,$B42,J$6:J$28) -> 0 | K42: =SUMIF($B$6:$B$28,$B42,K$6:K$28) -> 0 | L42: =SUMIF($B$6:$B$28,$B42,L$6:L$28) -> 0 | ... O42: =SUMIF($B$6:$B$28,$B42,O$6:O$28) -> 2
B43: Educación Artística y Cultural | E43: =SUMIF($B$6:$B$28,$B43,E$6:E$28) -> 3 | F43: =SUMIF($B$6:$B$28,$B43,F$6:F$28) -> 3 | G43: =SUMIF($B$6:$B$28,$B43,G$6:G$28) -> 3 | H43: =SUMIF($B$6:$B$28,$B43,H$6:H$28) -> 3 | I43: =SUMIF($B$6:$B$28,$B43,I$6:I$28) -> 3 | J43: =SUMIF($B$6:$B$28,$B43,J$6:J$28) -> 3 | K43: =SUMIF($B$6:$B$28,$B43,K$6:K$28) -> 3 | L43: =SUMIF($B$6:$B$28,$B43,L$6:L$28) -> 3 | ... O43: =SUMIF($B$6:$B$28,$B43,O$6:O$28) -> 2
B44: Educación Ética y en Valores Humanos | E44: =SUMIF($B$6:$B$28,$B44,E$6:E$28) -> 1 | F44: =SUMIF($B$6:$B$28,$B44,F$6:F$28) -> 1 | G44: =SUMIF($B$6:$B$28,$B44,G$6:G$28) -> 1 | H44: =SUMIF($B$6:$B$28,$B44,H$6:H$28) -> 1 | I44: =SUMIF($B$6:$B$28,$B44,I$6:I$28) -> 1 | J44: =SUMIF($B$6:$B$28,$B44,J$6:J$28) -> 1 | K44: =SUMIF($B$6:$B$28,$B44,K$6:K$28) -> 1 | L44: =SUMIF($B$6:$B$28,$B44,L$6:L$28) -> 1 | ... O44: =SUMIF($B$6:$B$28,$B44,O$6:O$28) -> 2
B45: Educación Física, Recreación y Deportes | E45: =SUMIF($B$6:$B$28,$B45,E$6:E$28) -> 2 | F45: =SUMIF($B$6:$B$28,$B45,F$6:F$28) -> 2 | G45: =SUMIF($B$6:$B$28,$B45,G$6:G$28) -> 2 | H45: =SUMIF($B$6:$B$28,$B45,H$6:H$28) -> 2 | I45: =SUMIF($B$6:$B$28,$B45,I$6:I$28) -> 2 | J45: =SUMIF($B$6:$B$28,$B45,J$6:J$28) -> 2 | K45: =SUMIF($B$6:$B$28,$B45,K$6:K$28) -> 2 | L45: =SUMIF($B$6:$B$28,$B45,L$6:L$28) -> 2 | ... O45: =SUMIF($B$6:$B$28,$B45,O$6:O$28) -> 1
B46: Educación Religiosa | E46: =SUMIF($B$6:$B$28,$B46,E$6:E$28) -> 3 | F46: =SUMIF($B$6:$B$28,$B46,F$6:F$28) -> 3 | G46: =SUMIF($B$6:$B$28,$B46,G$6:G$28) -> 3 | H46: =SUMIF($B$6:$B$28,$B46,H$6:H$28) -> 3 | I46: =SUMIF($B$6:$B$28,$B46,I$6:I$28) -> 3 | J46: =SUMIF($B$6:$B$28,$B46,J$6:J$28) -> 3 | K46: =SUMIF($B$6:$B$28,$B46,K$6:K$28) -> 3 | L46: =SUMIF($B$6:$B$28,$B46,L$6:L$28) -> 3 | ... O46: =SUMIF($B$6:$B$28,$B46,O$6:O$28) -> 3
B47: Humanidades: Lengua Castellana e Idiomas Extranjeros | E47: =SUMIF($B$6:$B$28,$B47,E$6:E$28) -> 9 | F47: =SUMIF($B$6:$B$28,$B47,F$6:F$28) -> 9 | G47: =SUMIF($B$6:$B$28,$B47,G$6:G$28) -> 9 | H47: =SUMIF($B$6:$B$28,$B47,H$6:H$28) -> 9 | I47: =SUMIF($B$6:$B$28,$B47,I$6:I$28) -> 9 | J47: =SUMIF($B$6:$B$28,$B47,J$6:J$28) -> 9 | K47: =SUMIF($B$6:$B$28,$B47,K$6:K$28) -> 9 | L47: =SUMIF($B$6:$B$28,$B47,L$6:L$28) -> 9 | ... O47: =SUMIF($B$6:$B$28,$B47,O$6:O$28) -> 9
B48: Matemáticas | E48: =SUMIF($B$6:$B$28,$B48,E$6:E$28) -> 5 | F48: =SUMIF($B$6:$B$28,$B48,F$6:F$28) -> 5 | G48: =SUMIF($B$6:$B$28,$B48,G$6:G$28) -> 5 | H48: =SUMIF($B$6:$B$28,$B48,H$6:H$28) -> 5 | I48: =SUMIF($B$6:$B$28,$B48,I$6:I$28) -> 5 | J48: =SUMIF($B$6:$B$28,$B48,J$6:J$28) -> 5 | K48: =SUMIF($B$6:$B$28,$B48,K$6:K$28) -> 5 | L48: =SUMIF($B$6:$B$28,$B48,L$6:L$28) -> 5 | ... O48: =SUMIF($B$6:$B$28,$B48,O$6:O$28) -> 3
B49: Tecnología e Informática | E49: =SUMIF($B$6:$B$28,$B49,E$6:E$28) -> 3 | F49: =SUMIF($B$6:$B$28,$B49,F$6:F$28) -> 3 | G49: =SUMIF($B$6:$B$28,$B49,G$6:G$28) -> 3 | H49: =SUMIF($B$6:$B$28,$B49,H$6:H$28) -> 3 | I49: =SUMIF($B$6:$B$28,$B49,I$6:I$28) -> 3 | J49: =SUMIF($B$6:$B$28,$B49,J$6:J$28) -> 3 | K49: =SUMIF($B$6:$B$28,$B49,K$6:K$28) -> 3 | L49: =SUMIF($B$6:$B$28,$B49,L$6:L$28) -> 3 | ... O49: =SUMIF($B$6:$B$28,$B49,O$6:O$28) -> 3
B50: Optativa institucional | E50: =SUMIF($B$6:$B$28,$B50,E$6:E$28) -> 0 | F50: =SUMIF($B$6:$B$28,$B50,F$6:F$28) -> 0 | G50: =SUMIF($B$6:$B$28,$B50,G$6:G$28) -> 0 | H50: =SUMIF($B$6:$B$28,$B50,H$6:H$28) -> 0 | I50: =SUMIF($B$6:$B$28,$B50,I$6:I$28) -> 0 | J50: =SUMIF($B$6:$B$28,$B50,J$6:J$28) -> 0 | K50: =SUMIF($B$6:$B$28,$B50,K$6:K$28) -> 0 | L50: =SUMIF($B$6:$B$28,$B50,L$6:L$28) -> 0 | ... O50: =SUMIF($B$6:$B$28,$B50,O$6:O$28) -> 0
B51: Proyecto pedagógico pastoral | E51: =SUMIF($B$6:$B$28,$B51,E$6:E$28) -> 1 | F51: =SUMIF($B$6:$B$28,$B51,F$6:F$28) -> 1 | G51: =SUMIF($B$6:$B$28,$B51,G$6:G$28) -> 1 | H51: =SUMIF($B$6:$B$28,$B51,H$6:H$28) -> 1 | I51: =SUMIF($B$6:$B$28,$B51,I$6:I$28) -> 1 | J51: =SUMIF($B$6:$B$28,$B51,J$6:J$28) -> 0 | K51: =SUMIF($B$6:$B$28,$B51,K$6:K$28) -> 0 | L51: =SUMIF($B$6:$B$28,$B51,L$6:L$28) -> 0 | ... O51: =SUMIF($B$6:$B$28,$B51,O$6:O$28) -> 0
B52: Especialidad media técnica | E52: =SUMIF($B$6:$B$28,$B52,E$6:E$28) -> 0 | F52: =SUMIF($B$6:$B$28,$B52,F$6:F$28) -> 0 | G52: =SUMIF($B$6:$B$28,$B52,G$6:G$28) -> 0 | H52: =SUMIF($B$6:$B$28,$B52,H$6:H$28) -> 0 | I52: =SUMIF($B$6:$B$28,$B52,I$6:I$28) -> 0 | J52: =SUMIF($B$6:$B$28,$B52,J$6:J$28) -> 0 | K52: =SUMIF($B$6:$B$28,$B52,K$6:K$28) -> 0 | L52: =SUMIF($B$6:$B$28,$B52,L$6:L$28) -> 0 | ... O52: =SUMIF($B$6:$B$28,$B52,O$6:O$28) -> 4
A54: Transición · organización por dimensiones del desarrollo y experiencias
A55: Código | B55: Dimensión del desarrollo | C55: Experiencia / espacio | D55: Tipo | E55: Sesiones T | F55: Duración (min) | R55: Observación
A56: T-SAN | B56: Dimensión socioafectiva | C56: Exploración del medio natural | D56: Dimensión (preescolar) | E56: 3 | F56: =Parametros!$C$29 -> 60 | R56: Sin cambio.
A57: T-COM | B57: Dimensión comunicativa | C57: Lenguaje: oralidad, lectura y escritura emergentes | D57: Dimensión (preescolar) | E57: 6 | F57: =Parametros!$C$29 -> 60 | R57: Sin cambio.
A58: T-ING | B58: Dimensión comunicativa | C58: Inglés | D58: Dimensión (preescolar) | E58: 3 | F58: =Parametros!$C$29 -> 60 | R58: Sin cambio.
A59: T-SAS | B59: Dimensión socioafectiva | C59: Exploración del medio social y convivencia | D59: Dimensión (preescolar) | E59: 3 | F59: =Parametros!$C$29 -> 60 | R59: 3 h (consenso).
A60: T-COR | B60: Dimensión corporal | C60: Motricidad, juego y educación física | D60: Dimensión (preescolar) | E60: 2 | F60: =Parametros!$C$29 -> 60 | R60: 2 h (consenso).
A61: T-EST | B61: Dimensión estética | C61: Expresión plástica | D61: Dimensión (preescolar) | E61: 2 | F61: =Parametros!$C$29 -> 60 | R61: Sin cambio.
A62: T-MUS | B62: Dimensión estética | C62: Música | D62: Dimensión (preescolar) | E62: 1 | F62: =Parametros!$C$29 -> 60 | R62: Sin cambio.
A63: T-DAN | B63: Dimensión estética | C63: Danzas | D63: Dimensión (preescolar) | E63: 1 | F63: =Parametros!$C$29 -> 60 | R63: Sin cambio.
A64: T-ETI | B64: Dimensión ética | C64: Ética y valores | D64: Dimensión (preescolar) | E64: 1 | F64: =Parametros!$C$29 -> 60 | R64: Sin cambio.
A65: T-ESP | B65: Dimensión espiritual | C65: Educación Religiosa | D65: Dimensión (preescolar) | E65: 3 | F65: =Parametros!$C$29 -> 60 | R65: Sin cambio.
A66: T-COG | B66: Dimensión cognitiva | C66: Pensamiento matemático y exploración | D66: Dimensión (preescolar) | E66: 6 | F66: =Parametros!$C$29 -> 60 | R66: Sin cambio.
A67: T-TEC | B67: Dimensión cognitiva | C67: Tecnología e Informática | D67: Dimensión (preescolar) | E67: 3 | F67: =Parametros!$C$29 -> 60 | R67: 3 h (consenso); integra el pensamiento computacional.
A68: T-IMI | B68: Proyecto pedagógico pastoral | C68: Infancia Misionera | D68: Proyecto pedagógico pastoral | E68: 1 | F68: =Parametros!$C$29 -> 60 | R68: Proyecto pastoral; no requiere plan de estudios.
C70: Total de sesiones semanales | E70: =SUM(E56:E68) -> 35
C71: Sesiones disponibles en la jornada | E71: 35
C72: Control | E72: =IF(E70=E71,"OK","REVISAR") -> OK
C73: Minutos semanales de clase | E73: =SUMPRODUCT(E56:E68,F56:F68) -> 2100

Sheet Validacion
A1: Verificación normativa por grado · intensidad semanal, anual y regla 80/20
A2: EICIT_CMA_1.5.1 · Versión 3 · consenso del 30 de septiembre de 2026 (acta de consenso, tarea 1.5.1). EICIT propone; el Colegio María Auxiliadora de Soacha delibera, decide y adopta (Consejo Académico → Consejo Directivo → resolución rectoral).
A4: Indicador | B4: T | C4: 1° | D4: 2° | E4: 3° | F4: 4° | G4: 5° | H4: 6° | I4: 7° | J4: 8° | K4: 9° | L4: 10° | M4: 11°
A5: Nivel | B5: Preescolar | C5: Básica primaria | D5: Básica primaria | E5: Básica primaria | F5: Básica primaria | G5: Básica primaria | H5: Básica secundaria | I5: Básica secundaria | J5: Básica secundaria | K5: Básica secundaria | L5: =Parametros!$C$30 -> Media técnica | M5: =Parametros!$C$30 -> Media técnica
A6: Sesiones semanales | B6: =Malla_2027!E70 -> 35 | C6: =Malla_2027!E30 -> 35 | D6: =Malla_2027!F30 -> 35 | E6: =Malla_2027!G30 -> 35 | F6: =Malla_2027!H30 -> 35 | G6: =Malla_2027!I30 -> 35 | H6: =Malla_2027!J30 -> 35 | I6: =Malla_2027!K30 -> 35 | J6: =Malla_2027!L30 -> 35 | ... M6: =Malla_2027!O30 -> 37
A7: Minutos semanales | B7: =Malla_2027!E73 -> 2100 | C7: =Malla_2027!E36 -> 2100 | D7: =Malla_2027!F36 -> 2100 | E7: =Malla_2027!G36 -> 2100 | F7: =Malla_2027!H36 -> 2100 | G7: =Malla_2027!I36 -> 2100 | H7: =Malla_2027!J36 -> 2100 | I7: =Malla_2027!K36 -> 2100 | J7: =Malla_2027!L36 -> 2100 | ... M7: =Malla_2027!O36 -> 2220
A8: Horas efectivas semanales | B8: =B7/60 -> 35 | C8: =C7/60 -> 35 | D8: =D7/60 -> 35 | E8: =E7/60 -> 35 | F8: =F7/60 -> 35 | G8: =G7/60 -> 35 | H8: =H7/60 -> 35 | I8: =I7/60 -> 35 | ... M8: =M7/60 -> 37
A9: Mínimo semanal (h) | B9: =Parametros!$C$22 -> 20 | C9: =Parametros!$C$23 -> 25 | D9: =Parametros!$C$23 -> 25 | E9: =Parametros!$C$23 -> 25 | F9: =Parametros!$C$23 -> 25 | G9: =Parametros!$C$23 -> 25 | H9: =Parametros!$C$24 -> 30 | I9: =Parametros!$C$24 -> 30 | J9: =Parametros!$C$24 -> 30 | K9: =Parametros!$C$24 -> 30 | L9: =IF(Parametros!$C$30="Media técnica",Parametros!$C$31,Parametros!$C$24) -> 37 | M9: =IF(Parametros!$C$30="Media técnica",Parametros!$C$31,Parametros!$C$24) -> 37
A10: ¿Cumple mínimo semanal? | B10: =IF(B8>=B9,"Cumple","No cumple") -> Cumple | C10: =IF(C8>=C9,"Cumple","No cumple") -> Cumple | D10: =IF(D8>=D9,"Cumple","No cumple") -> Cumple | E10: =IF(E8>=E9,"Cumple","No cumple") -> Cumple | F10: =IF(F8>=F9,"Cumple","No cumple") -> Cumple | G10: =IF(G8>=G9,"Cumple","No cumple") -> Cumple | H10: =IF(H8>=H9,"Cumple","No cumple") -> Cumple | I10: =IF(I8>=I9,"Cumple","No cumple") -> Cumple | ... M10: =IF(M8>=M9,"Cumple","No cumple") -> Cumple
A11: Horas efectivas anuales · Escenario 1 (calendario adoptado, 38 semanas) | B11: =B8*Parametros!$C$11/5 -> 1330 | C11: =C8*Parametros!$C$11/5 -> 1330 | D11: =D8*Parametros!$C$11/5 -> 1330 | E11: =E8*Parametros!$C$11/5 -> 1330 | F11: =F8*Parametros!$C$11/5 -> 1330 | G11: =G8*Parametros!$C$11/5 -> 1330 | H11: =H8*Parametros!$C$11/5 -> 1330 | I11: =I8*Parametros!$C$11/5 -> 1330 | ... M11: =M8*Parametros!$C$11/5 -> 1406
A12: Horas efectivas anuales · Escenario 2 (alternativa de 40 semanas) | B12: =B8*Parametros!$C$12/5 -> 1400 | C12: =C8*Parametros!$C$12/5 -> 1400 | D12: =D8*Parametros!$C$12/5 -> 1400 | E12: =E8*Parametros!$C$12/5 -> 1400 | F12: =F8*Parametros!$C$12/5 -> 1400 | G12: =G8*Parametros!$C$12/5 -> 1400 | H12: =H8*Parametros!$C$12/5 -> 1400 | I12: =I8*Parametros!$C$12/5 -> 1400 | ... M12: =M8*Parametros!$C$12/5 -> 1480
A13: Mínimo anual (h) | B13: =Parametros!$D$22 -> 800 | C13: =Parametros!$D$23 -> 1000 | D13: =Parametros!$D$23 -> 1000 | E13: =Parametros!$D$23 -> 1000 | F13: =Parametros!$D$23 -> 1000 | G13: =Parametros!$D$23 -> 1000 | H13: =Parametros!$D$24 -> 1200 | I13: =Parametros!$D$24 -> 1200 | J13: =Parametros!$D$24 -> 1200 | K13: =Parametros!$D$24 -> 1200 | L13: =IF(Parametros!$C$30="Media técnica",Parametros!$D$31,Parametros!$D$24) -> 1480 | M13: =IF(Parametros!$C$30="Media técnica",Parametros!$D$31,Parametros!$D$24) -> 1480
A14: ¿Cumple · Escenario 1? | B14: =IF(B11>=B13,"Cumple","No cumple") -> Cumple | C14: =IF(C11>=C13,"Cumple","No cumple") -> Cumple | D14: =IF(D11>=D13,"Cumple","No cumple") -> Cumple | E14: =IF(E11>=E13,"Cumple","No cumple") -> Cumple | F14: =IF(F11>=F13,"Cumple","No cumple") -> Cumple | G14: =IF(G11>=G13,"Cumple","No cumple") -> Cumple | H14: =IF(H11>=H13,"Cumple","No cumple") -> Cumple | I14: =IF(I11>=I13,"Cumple","No cumple") -> Cumple | ... M14: =IF(M11>=M13,"Cumple","No cumple") -> No cumple
A15: ¿Cumple · Escenario 2? | B15: =IF(B12>=B13,"Cumple","No cumple") -> Cumple | C15: =IF(C12>=C13,"Cumple","No cumple") -> Cumple | D15: =IF(D12>=D13,"Cumple","No cumple") -> Cumple | E15: =IF(E12>=E13,"Cumple","No cumple") -> Cumple | F15: =IF(F12>=F13,"Cumple","No cumple") -> Cumple | G15: =IF(G12>=G13,"Cumple","No cumple") -> Cumple | H15: =IF(H12>=H13,"Cumple","No cumple") -> Cumple | I15: =IF(I12>=I13,"Cumple","No cumple") -> Cumple | ... M15: =IF(M12>=M13,"Cumple","No cumple") -> Cumple
A16: Días lectivos mínimos para el mínimo anual | B16: =ROUNDUP(B13/(B8/5),0) -> 115 | C16: =ROUNDUP(C13/(C8/5),0) -> 143 | D16: =ROUNDUP(D13/(D8/5),0) -> 143 | E16: =ROUNDUP(E13/(E8/5),0) -> 143 | F16: =ROUNDUP(F13/(F8/5),0) -> 143 | G16: =ROUNDUP(G13/(G8/5),0) -> 143 | H16: =ROUNDUP(H13/(H8/5),0) -> 172 | I16: =ROUNDUP(I13/(I8/5),0) -> 172 | ... M16: =ROUNDUP(M13/(M8/5),0) -> 200
A17: Sesiones en áreas obligatorias | B17: ="No aplica" -> No aplica | C17: =Malla_2027!E34 -> 34 | D17: =Malla_2027!F34 -> 34 | E17: =Malla_2027!G34 -> 34 | F17: =Malla_2027!H34 -> 34 | G17: =Malla_2027!I34 -> 34 | H17: =Malla_2027!J34 -> 35 | I17: =Malla_2027!K34 -> 35 | J17: =Malla_2027!L34 -> 35 | ... M17: =Malla_2027!O34 -> 33
A18: Horas efectivas semanales en áreas obligatorias | B18: ="No aplica" -> No aplica | C18: =C17*Parametros!$C$29/60 -> 34 | D18: =D17*Parametros!$C$29/60 -> 34 | E18: =E17*Parametros!$C$29/60 -> 34 | F18: =F17*Parametros!$C$29/60 -> 34 | G18: =G17*Parametros!$C$29/60 -> 34 | H18: =H17*Parametros!$C$29/60 -> 35 | I18: =I17*Parametros!$C$29/60 -> 35 | J18: =J17*Parametros!$C$29/60 -> 35 | ... M18: =M17*Parametros!$C$29/60 -> 33
A19: Mínimo 80 % (h semanales) | B19: ="No aplica" -> No aplica | C19: =C9*Parametros!$C$25 -> 20 | D19: =D9*Parametros!$C$25 -> 20 | E19: =E9*Parametros!$C$25 -> 20 | F19: =F9*Parametros!$C$25 -> 20 | G19: =G9*Parametros!$C$25 -> 20 | H19: =H9*Parametros!$C$25 -> 24 | I19: =I9*Parametros!$C$25 -> 24 | J19: =J9*Parametros!$C$25 -> 24 | ... M19: =M9*Parametros!$C$25 -> 29.6
A20: ¿Cumple regla 80/20? | B20: ="No aplica" -> No aplica | C20: =IF(C18>=C19,"Cumple","No cumple") -> Cumple | D20: =IF(D18>=D19,"Cumple","No cumple") -> Cumple | E20: =IF(E18>=E19,"Cumple","No cumple") -> Cumple | F20: =IF(F18>=F19,"Cumple","No cumple") -> Cumple | G20: =IF(G18>=G19,"Cumple","No cumple") -> Cumple | H20: =IF(H18>=H19,"Cumple","No cumple") -> Cumple | I20: =IF(I18>=I19,"Cumple","No cumple") -> Cumple | J20: =IF(J18>=J19,"Cumple","No cumple") -> Cumple | ... M20: =IF(M18>=M19,"Cumple","No cumple") -> Cumple
A21: Proporción de sesiones en áreas obligatorias | B21: ="No aplica" -> No aplica | C21: =Malla_2027!E35 -> 0.97142857 | D21: =Malla_2027!F35 -> 0.97142857 | E21: =Malla_2027!G35 -> 0.97142857 | F21: =Malla_2027!H35 -> 0.97142857 | G21: =Malla_2027!I35 -> 0.97142857 | H21: =Malla_2027!J35 -> 1 | I21: =Malla_2027!K35 -> 1 | J21: =Malla_2027!L35 -> 1 | ... M21: =Malla_2027!O35 -> 0.89189189
A24: Lectura: el Escenario 1 usa los días lectivos efectivos del calendario proyectado por el Colegio (hoja Calendario_2027); el Escenario 2, un año lectivo de 40 semanas. En 10°–11° se suman las 2 sesiones de 60 min de la jornada extendida. La regla 80/20 se verifica sobre el mínimo semanal legal: al menos el 80 % de ese mínimo, en horas de 60 minutos, corresponde a áreas obligatorias (Ley 115, arts. 23 y 31). Transición se organiza por dimensiones del desarrollo; la regla no aplica.

Sheet Catalogo_planes
A1: Catálogo de planes de estudio por elaborar · intensidad por período y regla 80/20 intra-asignatura
A2: EICIT_CMA_1.5.1 · Versión 3 · consenso del 30 de septiembre de 2026 (acta de consenso, tarea 1.5.1). EICIT propone; el Colegio María Auxiliadora de Soacha delibera, decide y adopta (Consejo Académico → Consejo Directivo → resolución rectoral).
A3: Infancia Misionera (proyecto pastoral) no requiere plan. «No aplica» en la regla 80/20: la optativa y la media técnica son en sí mismas espacios de énfasis institucional; la media técnica sigue el diseño curricular articulado con el SENA. Horas efectivas = sesiones × duración efectiva ÷ 60 (ver criterio en Parametros).
A4: N.° | B4: Código del plan | C4: Nivel | D4: Grado | E4: Área / dimensión | F4: Asignatura / experiencia | G4: Tipo | H4: Horas semanales | I4: Sesiones P1 | J4: Sesiones P2 | K4: Sesiones P3 | L4: Sesiones P4 | M4: Sesiones al año | N4: Horas efectivas al año | O4: Máx. sesiones de énfasis (20 %) | P4: Mín. sesiones núcleo común (80 %) | Q4: Estado | R4: Responsable
A5: 1 | B5: T-SAN | C5: Preescolar | D5: T | E5: Dimensión socioafectiva | F5: Exploración del medio natural | G5: Dimensión (preescolar) | H5: =Malla_2027!E56 -> 3 | I5: =H5*Parametros!$C$14 -> 30 | J5: =H5*Parametros!$C$15 -> 27 | K5: =H5*Parametros!$C$16 -> 27 | L5: =H5*Parametros!$C$17 -> 27 | M5: =SUM(I5:L5) -> 111 | N5: =M5*Parametros!$C$29/60 -> 111 | O5: =ROUNDDOWN(M5*Parametros!$C$26,0) -> 22 | P5: =M5-O5 -> 89 | Q5: Por elaborar | R5: Docentes del Colegio
A6: 2 | B6: T-COM | C6: Preescolar | D6: T | E6: Dimensión comunicativa | F6: Lenguaje: oralidad, lectura y escritura emergentes | G6: Dimensión (preescolar) | H6: =Malla_2027!E57 -> 6 | I6: =H6*Parametros!$C$14 -> 60 | J6: =H6*Parametros!$C$15 -> 54 | K6: =H6*Parametros!$C$16 -> 54 | L6: =H6*Parametros!$C$17 -> 54 | M6: =SUM(I6:L6) -> 222 | N6: =M6*Parametros!$C$29/60 -> 222 | O6: =ROUNDDOWN(M6*Parametros!$C$26,0) -> 44 | P6: =M6-O6 -> 178 | Q6: Por elaborar | R6: Docentes del Colegio
A7: 3 | B7: T-ING | C7: Preescolar | D7: T | E7: Dimensión comunicativa | F7: Inglés | G7: Dimensión (preescolar) | H7: =Malla_2027!E58 -> 3 | I7: =H7*Parametros!$C$14 -> 30 | J7: =H7*Parametros!$C$15 -> 27 | K7: =H7*Parametros!$C$16 -> 27 | L7: =H7*Parametros!$C$17 -> 27 | M7: =SUM(I7:L7) -> 111 | N7: =M7*Parametros!$C$29/60 -> 111 | O7: =ROUNDDOWN(M7*Parametros!$C$26,0) -> 22 | P7: =M7-O7 -> 89 | Q7: Por elaborar | R7: Docentes del Colegio
A8: 4 | B8: T-SAS | C8: Preescolar | D8: T | E8: Dimensión socioafectiva | F8: Exploración del medio social y convivencia | G8: Dimensión (preescolar) | H8: =Malla_2027!E59 -> 3 | I8: =H8*Parametros!$C$14 -> 30 | J8: =H8*Parametros!$C$15 -> 27 | K8: =H8*Parametros!$C$16 -> 27 | L8: =H8*Parametros!$C$17 -> 27 | M8: =SUM(I8:L8) -> 111 | N8: =M8*Parametros!$C$29/60 -> 111 | O8: =ROUNDDOWN(M8*Parametros!$C$26,0) -> 22 | P8: =M8-O8 -> 89 | Q8: Por elaborar | R8: Docentes del Colegio
A9: 5 | B9: T-COR | C9: Preescolar | D9: T | E9: Dimensión corporal | F9: Motricidad, juego y educación física | G9: Dimensión (preescolar) | H9: =Malla_2027!E60 -> 2 | I9: =H9*Parametros!$C$14 -> 20 | J9: =H9*Parametros!$C$15 -> 18 | K9: =H9*Parametros!$C$16 -> 18 | L9: =H9*Parametros!$C$17 -> 18 | M9: =SUM(I9:L9) -> 74 | N9: =M9*Parametros!$C$29/60 -> 74 | O9: =ROUNDDOWN(M9*Parametros!$C$26,0) -> 14 | P9: =M9-O9 -> 60 | Q9: Por elaborar | R9: Docentes del Colegio
A10: 6 | B10: T-EST | C10: Preescolar | D10: T | E10: Dimensión estética | F10: Expresión plástica | G10: Dimensión (preescolar) | H10: =Malla_2027!E61 -> 2 | I10: =H10*Parametros!$C$14 -> 20 | J10: =H10*Parametros!$C$15 -> 18 | K10: =H10*Parametros!$C$16 -> 18 | L10: =H10*Parametros!$C$17 -> 18 | M10: =SUM(I10:L10) -> 74 | N10: =M10*Parametros!$C$29/60 -> 74 | O10: =ROUNDDOWN(M10*Parametros!$C$26,0) -> 14 | P10: =M10-O10 -> 60 | Q10: Por elaborar | R10: Docentes del Colegio
A11: 7 | B11: T-MUS | C11: Preescolar | D11: T | E11: Dimensión estética | F11: Música | G11: Dimensión (preescolar) | H11: =Malla_2027!E62 -> 1 | I11: =H11*Parametros!$C$14 -> 10 | J11: =H11*Parametros!$C$15 -> 9 | K11: =H11*Parametros!$C$16 -> 9 | L11: =H11*Parametros!$C$17 -> 9 | M11: =SUM(I11:L11) -> 37 | N11: =M11*Parametros!$C$29/60 -> 37 | O11: =ROUNDDOWN(M11*Parametros!$C$26,0) -> 7 | P11: =M11-O11 -> 30 | Q11: Por elaborar | R11: Docentes del Colegio
A12: 8 | B12: T-DAN | C12: Preescolar | D12: T | E12: Dimensión estética | F12: Danzas | G12: Dimensión (preescolar) | H12: =Malla_2027!E63 -> 1 | I12: =H12*Parametros!$C$14 -> 10 | J12: =H12*Parametros!$C$15 -> 9 | K12: =H12*Parametros!$C$16 -> 9 | L12: =H12*Parametros!$C$17 -> 9 | M12: =SUM(I12:L12) -> 37 | N12: =M12*Parametros!$C$29/60 -> 37 | O12: =ROUNDDOWN(M12*Parametros!$C$26,0) -> 7 | P12: =M12-O12 -> 30 | Q12: Por elaborar | R12: Docentes del Colegio
A13: 9 | B13: T-ETI | C13: Preescolar | D13: T | E13: Dimensión ética | F13: Ética y valores | G13: Dimensión (preescolar) | H13: =Malla_2027!E64 -> 1 | I13: =H13*Parametros!$C$14 -> 10 | J13: =H13*Parametros!$C$15 -> 9 | K13: =H13*Parametros!$C$16 -> 9 | L13: =H13*Parametros!$C$17 -> 9 | M13: =SUM(I13:L13) -> 37 | N13: =M13*Parametros!$C$29/60 -> 37 | O13: =ROUNDDOWN(M13*Parametros!$C$26,0) -> 7 | P13: =M13-O13 -> 30 | Q13: Por elaborar | R13: Docentes del Colegio
A14: 10 | B14: T-ESP | C14: Preescolar | D14: T | E14: Dimensión espiritual | F14: Educación Religiosa | G14: Dimensión (preescolar) | H14: =Malla_2027!E65 -> 3 | I14: =H14*Parametros!$C$14 -> 30 | J14: =H14*Parametros!$C$15 -> 27 | K14: =H14*Parametros!$C$16 -> 27 | L14: =H14*Parametros!$C$17 -> 27 | M14: =SUM(I14:L14) -> 111 | N14: =M14*Parametros!$C$29/60 -> 111 | O14: =ROUNDDOWN(M14*Parametros!$C$26,0) -> 22 | P14: =M14-O14 -> 89 | Q14: Por elaborar | R14: Docentes del Colegio
A15: 11 | B15: T-COG | C15: Preescolar | D15: T | E15: Dimensión cognitiva | F15: Pensamiento matemático y exploración | G15: Dimensión (preescolar) | H15: =Malla_2027!E66 -> 6 | I15: =H15*Parametros!$C$14 -> 60 | J15: =H15*Parametros!$C$15 -> 54 | K15: =H15*Parametros!$C$16 -> 54 | L15: =H15*Parametros!$C$17 -> 54 | M15: =SUM(I15:L15) -> 222 | N15: =M15*Parametros!$C$29/60 -> 222 | O15: =ROUNDDOWN(M15*Parametros!$C$26,0) -> 44 | P15: =M15-O15 -> 178 | Q15: Por elaborar | R15: Docentes del Colegio
A16: 12 | B16: T-TEC | C16: Preescolar | D16: T | E16: Dimensión cognitiva | F16: Tecnología e Informática | G16: Dimensión (preescolar) | H16: =Malla_2027!E67 -> 3 | I16: =H16*Parametros!$C$14 -> 30 | J16: =H16*Parametros!$C$15 -> 27 | K16: =H16*Parametros!$C$16 -> 27 | L16: =H16*Parametros!$C$17 -> 27 | M16: =SUM(I16:L16) -> 111 | N16: =M16*Parametros!$C$29/60 -> 111 | O16: =ROUNDDOWN(M16*Parametros!$C$26,0) -> 22 | P16: =M16-O16 -> 89 | Q16: Por elaborar | R16: EICIT
A17: 13 | B17: CNA-1 | C17: Básica primaria | D17: 1° | E17: Ciencias Naturales y Educación Ambiental | F17: Ciencias Naturales y Educación Ambiental | G17: Obligatoria (art. 23) | H17: =Malla_2027!E6 -> 4 | I17: =H17*Parametros!$C$14 -> 40 | J17: =H17*Parametros!$C$15 -> 36 | K17: =H17*Parametros!$C$16 -> 36 | L17: =H17*Parametros!$C$17 -> 36 | M17: =SUM(I17:L17) -> 148 | N17: =M17*Parametros!$C$29/60 -> 148 | O17: =ROUNDDOWN(M17*Parametros!$C$26,0) -> 29 | P17: =M17-O17 -> 119 | Q17: Por elaborar | R17: Docentes del Colegio
A18: 14 | B18: SOC-1 | C18: Básica primaria | D18: 1° | E18: Ciencias Sociales, Historia, Geografía, Constitución Política y Democracia | F18: Ciencias Sociales | G18: Obligatoria (art. 23) | H18: =Malla_2027!E9 -> 4 | I18: =H18*Parametros!$C$14 -> 40 | J18: =H18*Parametros!$C$15 -> 36 | K18: =H18*Parametros!$C$16 -> 36 | L18: =H18*Parametros!$C$17 -> 36 | M18: =SUM(I18:L18) -> 148 | N18: =M18*Parametros!$C$29/60 -> 148 | O18: =ROUNDDOWN(M18*Parametros!$C$26,0) -> 29 | P18: =M18-O18 -> 119 | Q18: Por elaborar | R18: Docentes del Colegio
A19: 15 | B19: ART-1 | C19: Básica primaria | D19: 1° | E19: Educación Artística y Cultural | F19: Artes plásticas | G19: Obligatoria (art. 23) | H19: =Malla_2027!E12 -> 1 | I19: =H19*Parametros!$C$14 -> 10 | J19: =H19*Parametros!$C$15 -> 9 | K19: =H19*Parametros!$C$16 -> 9 | L19: =H19*Parametros!$C$17 -> 9 | M19: =SUM(I19:L19) -> 37 | N19: =M19*Parametros!$C$29/60 -> 37 | O19: =ROUNDDOWN(M19*Parametros!$C$26,0) -> 7 | P19: =M19-O19 -> 30 | Q19: Por elaborar | R19: Docentes del Colegio
A20: 16 | B20: MUS-1 | C20: Básica primaria | D20: 1° | E20: Educación Artística y Cultural | F20: Música | G20: Obligatoria (art. 23) | H20: =Malla_2027!E13 -> 1 | I20: =H20*Parametros!$C$14 -> 10 | J20: =H20*Parametros!$C$15 -> 9 | K20: =H20*Parametros!$C$16 -> 9 | L20: =H20*Parametros!$C$17 -> 9 | M20: =SUM(I20:L20) -> 37 | N20: =M20*Parametros!$C$29/60 -> 37 | O20: =ROUNDDOWN(M20*Parametros!$C$26,0) -> 7 | P20: =M20-O20 -> 30 | Q20: Por elaborar | R20: Docentes del Colegio
A21: 17 | B21: DAN-1 | C21: Básica primaria | D21: 1° | E21: Educación Artística y Cultural | F21: Danzas | G21: Obligatoria (art. 23) | H21: =Malla_2027!E14 -> 1 | I21: =H21*Parametros!$C$14 -> 10 | J21: =H21*Parametros!$C$15 -> 9 | K21: =H21*Parametros!$C$16 -> 9 | L21: =H21*Parametros!$C$17 -> 9 | M21: =SUM(I21:L21) -> 37 | N21: =M21*Parametros!$C$29/60 -> 37 | O21: =ROUNDDOWN(M21*Parametros!$C$26,0) -> 7 | P21: =M21-O21 -> 30 | Q21: Por elaborar | R21: Docentes del Colegio
A22: 18 | B22: ETI-1 | C22: Básica primaria | D22: 1° | E22: Educación Ética y en Valores Humanos | F22: Ética y Valores Humanos | G22: Obligatoria (art. 23) | H22: =Malla_2027!E15 -> 1 | I22: =H22*Parametros!$C$14 -> 10 | J22: =H22*Parametros!$C$15 -> 9 | K22: =H22*Parametros!$C$16 -> 9 | L22: =H22*Parametros!$C$17 -> 9 | M22: =SUM(I22:L22) -> 37 | N22: =M22*Parametros!$C$29/60 -> 37 | O22: =ROUNDDOWN(M22*Parametros!$C$26,0) -> 7 | P22: =M22-O22 -> 30 | Q22: Por elaborar | R22: Docentes del Colegio
A23: 19 | B23: EFI-1 | C23: Básica primaria | D23: 1° | E23: Educación Física, Recreación y Deportes | F23: Educación Física, Recreación y Deportes | G23: Obligatoria (art. 23) | H23: =Malla_2027!E16 -> 2 | I23: =H23*Parametros!$C$14 -> 20 | J23: =H23*Parametros!$C$15 -> 18 | K23: =H23*Parametros!$C$16 -> 18 | L23: =H23*Parametros!$C$17 -> 18 | M23: =SUM(I23:L23) -> 74 | N23: =M23*Parametros!$C$29/60 -> 74 | O23: =ROUNDDOWN(M23*Parametros!$C$26,0) -> 14 | P23: =M23-O23 -> 60 | Q23: Por elaborar | R23: Docentes del Colegio
A24: 20 | B24: ERE-1 | C24: Básica primaria | D24: 1° | E24: Educación Religiosa | F24: Educación Religiosa Escolar | G24: Obligatoria (art. 23) | H24: =Malla_2027!E17 -> 3 | I24: =H24*Parametros!$C$14 -> 30 | J24: =H24*Parametros!$C$15 -> 27 | K24: =H24*Parametros!$C$16 -> 27 | L24: =H24*Parametros!$C$17 -> 27 | M24: =SUM(I24:L24) -> 111 | N24: =M24*Parametros!$C$29/60 -> 111 | O24: =ROUNDDOWN(M24*Parametros!$C$26,0) -> 22 | P24: =M24-O24 -> 89 | Q24: Por elaborar | R24: Docentes del Colegio
A25: 21 | B25: LCA-1 | C25: Básica primaria | D25: 1° | E25: Humanidades: Lengua Castellana e Idiomas Extranjeros | F25: Lengua Castellana | G25: Obligatoria (art. 23) | H25: =Malla_2027!E18 -> 5 | I25: =H25*Parametros!$C$14 -> 50 | J25: =H25*Parametros!$C$15 -> 45 | K25: =H25*Parametros!$C$16 -> 45 | L25: =H25*Parametros!$C$17 -> 45 | M25: =SUM(I25:L25) -> 185 | N25: =M25*Parametros!$C$29/60 -> 185 | O25: =ROUNDDOWN(M25*Parametros!$C$26,0) -> 37 | P25: =M25-O25 -> 148 | Q25: Por elaborar | R25: Docentes del Colegio
A26: 22 | B26: ING-1 | C26: Básica primaria | D26: 1° | E26: Humanidades: Lengua Castellana e Idiomas Extranjeros | F26: Inglés | G26: Obligatoria (art. 23) | H26: =Malla_2027!E19 -> 4 | I26: =H26*Parametros!$C$14 -> 40 | J26: =H26*Parametros!$C$15 -> 36 | K26: =H26*Parametros!$C$16 -> 36 | L26: =H26*Parametros!$C$17 -> 36 | M26: =SUM(I26:L26) -> 148 | N26: =M26*Parametros!$C$29/60 -> 148 | O26: =ROUNDDOWN(M26*Parametros!$C$26,0) -> 29 | P26: =M26-O26 -> 119 | Q26: Por elaborar | R26: Docentes del Colegio
A27: 23 | B27: MAT-1 | C27: Básica primaria | D27: 1° | E27: Matemáticas | F27: Matemáticas | G27: Obligatoria (art. 23) | H27: =Malla_2027!E20 -> 5 | I27: =H27*Parametros!$C$14 -> 50 | J27: =H27*Parametros!$C$15 -> 45 | K27: =H27*Parametros!$C$16 -> 45 | L27: =H27*Parametros!$C$17 -> 45 | M27: =SUM(I27:L27) -> 185 | N27: =M27*Parametros!$C$29/60 -> 185 | O27: =ROUNDDOWN(M27*Parametros!$C$26,0) -> 37 | P27: =M27-O27 -> 148 | Q27: Por elaborar | R27: Docentes del Colegio
A28: 24 | B28: TEI-1 | C28: Básica primaria | D28: 1° | E28: Tecnología e Informática | F28: Tecnología e Informática | G28: Obligatoria (art. 23) | H28: =Malla_2027!E24 -> 3 | I28: =H28*Parametros!$C$14 -> 30 | J28: =H28*Parametros!$C$15 -> 27 | K28: =H28*Parametros!$C$16 -> 27 | L28: =H28*Parametros!$C$17 -> 27 | M28: =SUM(I28:L28) -> 111 | N28: =M28*Parametros!$C$29/60 -> 111 | O28: =ROUNDDOWN(M28*Parametros!$C$26,0) -> 22 | P28: =M28-O28 -> 89 | Q28: Por elaborar | R28: EICIT
A29: 25 | B29: CNA-2 | C29: Básica primaria | D29: 2° | E29: Ciencias Naturales y Educación Ambiental | F29: Ciencias Naturales y Educación Ambiental | G29: Obligatoria (art. 23) | H29: =Malla_2027!F6 -> 4 | I29: =H29*Parametros!$C$14 -> 40 | J29: =H29*Parametros!$C$15 -> 36 | K29: =H29*Parametros!$C$16 -> 36 | L29: =H29*Parametros!$C$17 -> 36 | M29: =SUM(I29:L29) -> 148 | N29: =M29*Parametros!$C$29/60 -> 148 | O29: =ROUNDDOWN(M29*Parametros!$C$26,0) -> 29 | P29: =M29-O29 -> 119 | Q29: Por elaborar | R29: Docentes del Colegio
A30: 26 | B30: SOC-2 | C30: Básica primaria | D30: 2° | E30: Ciencias Sociales, Historia, Geografía, Constitución Política y Democracia | F30: Ciencias Sociales | G30: Obligatoria (art. 23) | H30: =Malla_2027!F9 -> 4 | I30: =H30*Parametros!$C$14 -> 40 | J30: =H30*Parametros!$C$15 -> 36 | K30: =H30*Parametros!$C$16 -> 36 | L30: =H30*Parametros!$C$17 -> 36 | M30: =SUM(I30:L30) -> 148 | N30: =M30*Parametros!$C$29/60 -> 148 | O30: =ROUNDDOWN(M30*Parametros!$C$26,0) -> 29 | P30: =M30-O30 -> 119 | Q30: Por elaborar | R30: Docentes del Colegio
A31: 27 | B31: ART-2 | C31: Básica primaria | D31: 2° | E31: Educación Artística y Cultural | F31: Artes plásticas | G31: Obligatoria (art. 23) | H31: =Malla_2027!F12 -> 1 | I31: =H31*Parametros!$C$14 -> 10 | J31: =H31*Parametros!$C$15 -> 9 | K31: =H31*Parametros!$C$16 -> 9 | L31: =H31*Parametros!$C$17 -> 9 | M31: =SUM(I31:L31) -> 37 | N31: =M31*Parametros!$C$29/60 -> 37 | O31: =ROUNDDOWN(M31*Parametros!$C$26,0) -> 7 | P31: =M31-O31 -> 30 | Q31: Por elaborar | R31: Docentes del Colegio
A32: 28 | B32: MUS-2 | C32: Básica primaria | D32: 2° | E32: Educación Artística y Cultural | F32: Música | G32: Obligatoria (art. 23) | H32: =Malla_2027!F13 -> 1 | I32: =H32*Parametros!$C$14 -> 10 | J32: =H32*Parametros!$C$15 -> 9 | K32: =H32*Parametros!$C$16 -> 9 | L32: =H32*Parametros!$C$17 -> 9 | M32: =SUM(I32:L32) -> 37 | N32: =M32*Parametros!$C$29/60 -> 37 | O32: =ROUNDDOWN(M32*Parametros!$C$26,0) -> 7 | P32: =M32-O32 -> 30 | Q32: Por elaborar | R32: Docentes del Colegio
A33: 29 | B33: DAN-2 | C33: Básica primaria | D33: 2° | E33: Educación Artística y Cultural | F33: Danzas | G33: Obligatoria (art. 23) | H33: =Malla_2027!F14 -> 1 | I33: =H33*Parametros!$C$14 -> 10 | J33: =H33*Parametros!$C$15 -> 9 | K33: =H33*Parametros!$C$16 -> 9 | L33: =H33*Parametros!$C$17 -> 9 | M33: =SUM(I33:L33) -> 37 | N33: =M33*Parametros!$C$29/60 -> 37 | O33: =ROUNDDOWN(M33*Parametros!$C$26,0) -> 7 | P33: =M33-O33 -> 30 | Q33: Por elaborar | R33: Docentes del Colegio
A34: 30 | B34: ETI-2 | C34: Básica primaria | D34: 2° | E34: Educación Ética y en Valores Humanos | F34: Ética y Valores Humanos | G34: Obligatoria (art. 23) | H34: =Malla_2027!F15 -> 1 | I34: =H34*Parametros!$C$14 -> 10 | J34: =H34*Parametros!$C$15 -> 9 | K34: =H34*Parametros!$C$16 -> 9 | L34: =H34*Parametros!$C$17 -> 9 | M34: =SUM(I34:L34) -> 37 | N34: =M34*Parametros!$C$29/60 -> 37 | O34: =ROUNDDOWN(M34*Parametros!$C$26,0) -> 7 | P34: =M34-O34 -> 30 | Q34: Por elaborar | R34: Docentes del Colegio
A35: 31 | B35: EFI-2 | C35: Básica primaria | D35: 2° | E35: Educación Física, Recreación y Deportes | F35: Educación Física, Recreación y Deportes | G35: Obligatoria (art. 23) | H35: =Malla_2027!F16 -> 2 | I35: =H35*Parametros!$C$14 -> 20 | J35: =H35*Parametros!$C$15 -> 18 | K35: =H35*Parametros!$C$16 -> 18 | L35: =H35*Parametros!$C$17 -> 18 | M35: =SUM(I35:L35) -> 74 | N35: =M35*Parametros!$C$29/60 -> 74 | O35: =ROUNDDOWN(M35*Parametros!$C$26,0) -> 14 | P35: =M35-O35 -> 60 | Q35: Por elaborar | R35: Docentes del Colegio
A36: 32 | B36: ERE-2 | C36: Básica primaria | D36: 2° | E36: Educación Religiosa | F36: Educación Religiosa Escolar | G36: Obligatoria (art. 23) | H36: =Malla_2027!F17 -> 3 | I36: =H36*Parametros!$C$14 -> 30 | J36: =H36*Parametros!$C$15 -> 27 | K36: =H36*Parametros!$C$16 -> 27 | L36: =H36*Parametros!$C$17 -> 27 | M36: =SUM(I36:L36) -> 111 | N36: =M36*Parametros!$C$29/60 -> 111 | O36: =ROUNDDOWN(M36*Parametros!$C$26,0) -> 22 | P36: =M36-O36 -> 89 | Q36: Por elaborar | R36: Docentes del Colegio
A37: 33 | B37: LCA-2 | C37: Básica primaria | D37: 2° | E37: Humanidades: Lengua Castellana e Idiomas Extranjeros | F37: Lengua Castellana | G37: Obligatoria (art. 23) | H37: =Malla_2027!F18 -> 5 | I37: =H37*Parametros!$C$14 -> 50 | J37: =H37*Parametros!$C$15 -> 45 | K37: =H37*Parametros!$C$16 -> 45 | L37: =H37*Parametros!$C$17 -> 45 | M37: =SUM(I37:L37) -> 185 | N37: =M37*Parametros!$C$29/60 -> 185 | O37: =ROUNDDOWN(M37*Parametros!$C$26,0) -> 37 | P37: =M37-O37 -> 148 | Q37: Por elaborar | R37: Docentes del Colegio
A38: 34 | B38: ING-2 | C38: Básica primaria | D38: 2° | E38: Humanidades: Lengua Castellana e Idiomas Extranjeros | F38: Inglés | G38: Obligatoria (art. 23) | H38: =Malla_2027!F19 -> 4 | I38: =H38*Parametros!$C$14 -> 40 | J38: =H38*Parametros!$C$15 -> 36 | K38: =H38*Parametros!$C$16 -> 36 | L38: =H38*Parametros!$C$17 -> 36 | M38: =SUM(I38:L38) -> 148 | N38: =M38*Parametros!$C$29/60 -> 148 | O38: =ROUNDDOWN(M38*Parametros!$C$26,0) -> 29 | P38: =M38-O38 -> 119 | Q38: Por elaborar | R38: Docentes del Colegio
A39: 35 | B39: MAT-2 | C39: Básica primaria | D39: 2° | E39: Matemáticas | F39: Matemáticas | G39: Obligatoria (art. 23) | H39: =Malla_2027!F20 -> 5 | I39: =H39*Parametros!$C$14 -> 50 | J39: =H39*Parametros!$C$15 -> 45 | K39: =H39*Parametros!$C$16 -> 45 | L39: =H39*Parametros!$C$17 -> 45 | M39: =SUM(I39:L39) -> 185 | N39: =M39*Parametros!$C$29/60 -> 185 | O39: =ROUNDDOWN(M39*Parametros!$C$26,0) -> 37 | P39: =M39-O39 -> 148 | Q39: Por elaborar | R39: Docentes del Colegio
A40: 36 | B40: TEI-2 | C40: Básica primaria | D40: 2° | E40: Tecnología e Informática | F40: Tecnología e Informática | G40: Obligatoria (art. 23) | H40: =Malla_2027!F24 -> 3 | I40: =H40*Parametros!$C$14 -> 30 | J40: =H40*Parametros!$C$15 -> 27 | K40: =H40*Parametros!$C$16 -> 27 | L40: =H40*Parametros!$C$17 -> 27 | M40: =SUM(I40:L40) -> 111 | N40: =M40*Parametros!$C$29/60 -> 111 | O40: =ROUNDDOWN(M40*Parametros!$C$26,0) -> 22 | P40: =M40-O40 -> 89 | Q40: Por elaborar | R40: EICIT
A41: 37 | B41: CNA-3 | C41: Básica primaria | D41: 3° | E41: Ciencias Naturales y Educación Ambiental | F41: Ciencias Naturales y Educación Ambiental | G41: Obligatoria (art. 23) | H41: =Malla_2027!G6 -> 4 | I41: =H41*Parametros!$C$14 -> 40 | J41: =H41*Parametros!$C$15 -> 36 | K41: =H41*Parametros!$C$16 -> 36 | L41: =H41*Parametros!$C$17 -> 36 | M41: =SUM(I41:L41) -> 148 | N41: =M41*Parametros!$C$29/60 -> 148 | O41: =ROUNDDOWN(M41*Parametros!$C$26,0) -> 29 | P41: =M41-O41 -> 119 | Q41: Por elaborar | R41: Docentes del Colegio
A42: 38 | B42: SOC-3 | C42: Básica primaria | D42: 3° | E42: Ciencias Sociales, Historia, Geografía, Constitución Política y Democracia | F42: Ciencias Sociales | G42: Obligatoria (art. 23) | H42: =Malla_2027!G9 -> 4 | I42: =H42*Parametros!$C$14 -> 40 | J42: =H42*Parametros!$C$15 -> 36 | K42: =H42*Parametros!$C$16 -> 36 | L42: =H42*Parametros!$C$17 -> 36 | M42: =SUM(I42:L42) -> 148 | N42: =M42*Parametros!$C$29/60 -> 148 | O42: =ROUNDDOWN(M42*Parametros!$C$26,0) -> 29 | P42: =M42-O42 -> 119 | Q42: Por elaborar | R42: Docentes del Colegio
A43: 39 | B43: ART-3 | C43: Básica primaria | D43: 3° | E43: Educación Artística y Cultural | F43: Artes plásticas | G43: Obligatoria (art. 23) | H43: =Malla_2027!G12 -> 1 | I43: =H43*Parametros!$C$14 -> 10 | J43: =H43*Parametros!$C$15 -> 9 | K43: =H43*Parametros!$C$16 -> 9 | L43: =H43*Parametros!$C$17 -> 9 | M43: =SUM(I43:L43) -> 37 | N43: =M43*Parametros!$C$29/60 -> 37 | O43: =ROUNDDOWN(M43*Parametros!$C$26,0) -> 7 | P43: =M43-O43 -> 30 | Q43: Por elaborar | R43: Docentes del Colegio
A44: 40 | B44: MUS-3 | C44: Básica primaria | D44: 3° | E44: Educación Artística y Cultural | F44: Música | G44: Obligatoria (art. 23) | H44: =Malla_2027!G13 -> 1 | I44: =H44*Parametros!$C$14 -> 10 | J44: =H44*Parametros!$C$15 -> 9 | K44: =H44*Parametros!$C$16 -> 9 | L44: =H44*Parametros!$C$17 -> 9 | M44: =SUM(I44:L44) -> 37 | N44: =M44*Parametros!$C$29/60 -> 37 | O44: =ROUNDDOWN(M44*Parametros!$C$26,0) -> 7 | P44: =M44-O44 -> 30 | Q44: Por elaborar | R44: Docentes del Colegio
A45: 41 | B45: DAN-3 | C45: Básica primaria | D45: 3° | E45: Educación Artística y Cultural | F45: Danzas | G45: Obligatoria (art. 23) | H45: =Malla_2027!G14 -> 1 | I45: =H45*Parametros!$C$14 -> 10 | J45: =H45*Parametros!$C$15 -> 9 | K45: =H45*Parametros!$C$16 -> 9 | L45: =H45*Parametros!$C$17 -> 9 | M45: =SUM(I45:L45) -> 37 | N45: =M45*Parametros!$C$29/60 -> 37 | O45: =ROUNDDOWN(M45*Parametros!$C$26,0) -> 7 | P45: =M45-O45 -> 30 | Q45: Por elaborar | R45: Docentes del Colegio
A46: 42 | B46: ETI-3 | C46: Básica primaria | D46: 3° | E46: Educación Ética y en Valores Humanos | F46: Ética y Valores Humanos | G46: Obligatoria (art. 23) | H46: =Malla_2027!G15 -> 1 | I46: =H46*Parametros!$C$14 -> 10 | J46: =H46*Parametros!$C$15 -> 9 | K46: =H46*Parametros!$C$16 -> 9 | L46: =H46*Parametros!$C$17 -> 9 | M46: =SUM(I46:L46) -> 37 | N46: =M46*Parametros!$C$29/60 -> 37 | O46: =ROUNDDOWN(M46*Parametros!$C$26,0) -> 7 | P46: =M46-O46 -> 30 | Q46: Por elaborar | R46: Docentes del Colegio
A47: 43 | B47: EFI-3 | C47: Básica primaria | D47: 3° | E47: Educación Física, Recreación y Deportes | F47: Educación Física, Recreación y Deportes | G47: Obligatoria (art. 23) | H47: =Malla_2027!G16 -> 2 | I47: =H47*Parametros!$C$14 -> 20 | J47: =H47*Parametros!$C$15 -> 18 | K47: =H47*Parametros!$C$16 -> 18 | L47: =H47*Parametros!$C$17 -> 18 | M47: =SUM(I47:L47) -> 74 | N47: =M47*Parametros!$C$29/60 -> 74 | O47: =ROUNDDOWN(M47*Parametros!$C$26,0) -> 14 | P47: =M47-O47 -> 60 | Q47: Por elaborar | R47: Docentes del Colegio
A48: 44 | B48: ERE-3 | C48: Básica primaria | D48: 3° | E48: Educación Religiosa | F48: Educación Religiosa Escolar | G48: Obligatoria (art. 23) | H48: =Malla_2027!G17 -> 3 | I48: =H48*Parametros!$C$14 -> 30 | J48: =H48*Parametros!$C$15 -> 27 | K48: =H48*Parametros!$C$16 -> 27 | L48: =H48*Parametros!$C$17 -> 27 | M48: =SUM(I48:L48) -> 111 | N48: =M48*Parametros!$C$29/60 -> 111 | O48: =ROUNDDOWN(M48*Parametros!$C$26,0) -> 22 | P48: =M48-O48 -> 89 | Q48: Por elaborar | R48: Docentes del Colegio
A49: 45 | B49: LCA-3 | C49: Básica primaria | D49: 3° | E49: Humanidades: Lengua Castellana e Idiomas Extranjeros | F49: Lengua Castellana | G49: Obligatoria (art. 23) | H49: =Malla_2027!G18 -> 5 | I49: =H49*Parametros!$C$14 -> 50 | J49: =H49*Parametros!$C$15 -> 45 | K49: =H49*Parametros!$C$16 -> 45 | L49: =H49*Parametros!$C$17 -> 45 | M49: =SUM(I49:L49) -> 185 | N49: =M49*Parametros!$C$29/60 -> 185 | O49: =ROUNDDOWN(M49*Parametros!$C$26,0) -> 37 | P49: =M49-O49 -> 148 | Q49: Por elaborar | R49: Docentes del Colegio
A50: 46 | B50: ING-3 | C50: Básica primaria | D50: 3° | E50: Humanidades: Lengua Castellana e Idiomas Extranjeros | F50: Inglés | G50: Obligatoria (art. 23) | H50: =Malla_2027!G19 -> 4 | I50: =H50*Parametros!$C$14 -> 40 | J50: =H50*Parametros!$C$15 -> 36 | K50: =H50*Parametros!$C$16 -> 36 | L50: =H50*Parametros!$C$17 -> 36 | M50: =SUM(I50:L50) -> 148 | N50: =M50*Parametros!$C$29/60 -> 148 | O50: =ROUNDDOWN(M50*Parametros!$C$26,0) -> 29 | P50: =M50-O50 -> 119 | Q50: Por elaborar | R50: Docentes del Colegio
A51: 47 | B51: MAT-3 | C51: Básica primaria | D51: 3° | E51: Matemáticas | F51: Matemáticas | G51: Obligatoria (art. 23) | H51: =Malla_2027!G20 -> 5 | I51: =H51*Parametros!$C$14 -> 50 | J51: =H51*Parametros!$C$15 -> 45 | K51: =H51*Parametros!$C$16 -> 45 | L51: =H51*Parametros!$C$17 -> 45 | M51: =SUM(I51:L51) -> 185 | N51: =M51*Parametros!$C$29/60 -> 185 | O51: =ROUNDDOWN(M51*Parametros!$C$26,0) -> 37 | P51: =M51-O51 -> 148 | Q51: Por elaborar | R51: Docentes del Colegio
A52: 48 | B52: TEI-3 | C52: Básica primaria | D52: 3° | E52: Tecnología e Informática | F52: Tecnología e Informática | G52: Obligatoria (art. 23) | H52: =Malla_2027!G24 -> 3 | I52: =H52*Parametros!$C$14 -> 30 | J52: =H52*Parametros!$C$15 -> 27 | K52: =H52*Parametros!$C$16 -> 27 | L52: =H52*Parametros!$C$17 -> 27 | M52: =SUM(I52:L52) -> 111 | N52: =M52*Parametros!$C$29/60 -> 111 | O52: =ROUNDDOWN(M52*Parametros!$C$26,0) -> 22 | P52: =M52-O52 -> 89 | Q52: Por elaborar | R52: EICIT
A53: 49 | B53: CNA-4 | C53: Básica primaria | D53: 4° | E53: Ciencias Naturales y Educación Ambiental | F53: Ciencias Naturales y Educación Ambiental | G53: Obligatoria (art. 23) | H53: =Malla_2027!H6 -> 4 | I53: =H53*Parametros!$C$14 -> 40 | J53: =H53*Parametros!$C$15 -> 36 | K53: =H53*Parametros!$C$16 -> 36 | L53: =H53*Parametros!$C$17 -> 36 | M53: =SUM(I53:L53) -> 148 | N53: =M53*Parametros!$C$29/60 -> 148 | O53: =ROUNDDOWN(M53*Parametros!$C$26,0) -> 29 | P53: =M53-O53 -> 119 | Q53: Por elaborar | R53: Docentes del Colegio
A54: 50 | B54: SOC-4 | C54: Básica primaria | D54: 4° | E54: Ciencias Sociales, Historia, Geografía, Constitución Política y Democracia | F54: Ciencias Sociales | G54: Obligatoria (art. 23) | H54: =Malla_2027!H9 -> 4 | I54: =H54*Parametros!$C$14 -> 40 | J54: =H54*Parametros!$C$15 -> 36 | K54: =H54*Parametros!$C$16 -> 36 | L54: =H54*Parametros!$C$17 -> 36 | M54: =SUM(I54:L54) -> 148 | N54: =M54*Parametros!$C$29/60 -> 148 | O54: =ROUNDDOWN(M54*Parametros!$C$26,0) -> 29 | P54: =M54-O54 -> 119 | Q54: Por elaborar | R54: Docentes del Colegio
A55: 51 | B55: ART-4 | C55: Básica primaria | D55: 4° | E55: Educación Artística y Cultural | F55: Artes plásticas | G55: Obligatoria (art. 23) | H55: =Malla_2027!H12 -> 1 | I55: =H55*Parametros!$C$14 -> 10 | J55: =H55*Parametros!$C$15 -> 9 | K55: =H55*Parametros!$C$16 -> 9 | L55: =H55*Parametros!$C$17 -> 9 | M55: =SUM(I55:L55) -> 37 | N55: =M55*Parametros!$C$29/60 -> 37 | O55: =ROUNDDOWN(M55*Parametros!$C$26,0) -> 7 | P55: =M55-O55 -> 30 | Q55: Por elaborar | R55: Docentes del Colegio
A56: 52 | B56: MUS-4 | C56: Básica primaria | D56: 4° | E56: Educación Artística y Cultural | F56: Música | G56: Obligatoria (art. 23) | H56: =Malla_2027!H13 -> 1 | I56: =H56*Parametros!$C$14 -> 10 | J56: =H56*Parametros!$C$15 -> 9 | K56: =H56*Parametros!$C$16 -> 9 | L56: =H56*Parametros!$C$17 -> 9 | M56: =SUM(I56:L56) -> 37 | N56: =M56*Parametros!$C$29/60 -> 37 | O56: =ROUNDDOWN(M56*Parametros!$C$26,0) -> 7 | P56: =M56-O56 -> 30 | Q56: Por elaborar | R56: Docentes del Colegio
A57: 53 | B57: DAN-4 | C57: Básica primaria | D57: 4° | E57: Educación Artística y Cultural | F57: Danzas | G57: Obligatoria (art. 23) | H57: =Malla_2027!H14 -> 1 | I57: =H57*Parametros!$C$14 -> 10 | J57: =H57*Parametros!$C$15 -> 9 | K57: =H57*Parametros!$C$16 -> 9 | L57: =H57*Parametros!$C$17 -> 9 | M57: =SUM(I57:L57) -> 37 | N57: =M57*Parametros!$C$29/60 -> 37 | O57: =ROUNDDOWN(M57*Parametros!$C$26,0) -> 7 | P57: =M57-O57 -> 30 | Q57: Por elaborar | R57: Docentes del Colegio
A58: 54 | B58: ETI-4 | C58: Básica primaria | D58: 4° | E58: Educación Ética y en Valores Humanos | F58: Ética y Valores Humanos | G58: Obligatoria (art. 23) | H58: =Malla_2027!H15 -> 1 | I58: =H58*Parametros!$C$14 -> 10 | J58: =H58*Parametros!$C$15 -> 9 | K58: =H58*Parametros!$C$16 -> 9 | L58: =H58*Parametros!$C$17 -> 9 | M58: =SUM(I58:L58) -> 37 | N58: =M58*Parametros!$C$29/60 -> 37 | O58: =ROUNDDOWN(M58*Parametros!$C$26,0) -> 7 | P58: =M58-O58 -> 30 | Q58: Por elaborar | R58: Docentes del Colegio
A59: 55 | B59: EFI-4 | C59: Básica primaria | D59: 4° | E59: Educación Física, Recreación y Deportes | F59: Educación Física, Recreación y Deportes | G59: Obligatoria (art. 23) | H59: =Malla_2027!H16 -> 2 | I59: =H59*Parametros!$C$14 -> 20 | J59: =H59*Parametros!$C$15 -> 18 | K59: =H59*Parametros!$C$16 -> 18 | L59: =H59*Parametros!$C$17 -> 18 | M59: =SUM(I59:L59) -> 74 | N59: =M59*Parametros!$C$29/60 -> 74 | O59: =ROUNDDOWN(M59*Parametros!$C$26,0) -> 14 | P59: =M59-O59 -> 60 | Q59: Por elaborar | R59: Docentes del Colegio
A60: 56 | B60: ERE-4 | C60: Básica primaria | D60: 4° | E60: Educación Religiosa | F60: Educación Religiosa Escolar | G60: Obligatoria (art. 23) | H60: =Malla_2027!H17 -> 3 | I60: =H60*Parametros!$C$14 -> 30 | J60: =H60*Parametros!$C$15 -> 27 | K60: =H60*Parametros!$C$16 -> 27 | L60: =H60*Parametros!$C$17 -> 27 | M60: =SUM(I60:L60) -> 111 | N60: =M60*Parametros!$C$29/60 -> 111 | O60: =ROUNDDOWN(M60*Parametros!$C$26,0) -> 22 | P60: =M60-O60 -> 89 | Q60: Por elaborar | R60: Docentes del Colegio
A61: 57 | B61: LCA-4 | C61: Básica primaria | D61: 4° | E61: Humanidades: Lengua Castellana e Idiomas Extranjeros | F61: Lengua Castellana | G61: Obligatoria (art. 23) | H61: =Malla_2027!H18 -> 5 | I61: =H61*Parametros!$C$14 -> 50 | J61: =H61*Parametros!$C$15 -> 45 | K61: =H61*Parametros!$C$16 -> 45 | L61: =H61*Parametros!$C$17 -> 45 | M61: =SUM(I61:L61) -> 185 | N61: =M61*Parametros!$C$29/60 -> 185 | O61: =ROUNDDOWN(M61*Parametros!$C$26,0) -> 37 | P61: =M61-O61 -> 148 | Q61: Por elaborar | R61: Docentes del Colegio
A62: 58 | B62: ING-4 | C62: Básica primaria | D62: 4° | E62: Humanidades: Lengua Castellana e Idiomas Extranjeros | F62: Inglés | G62: Obligatoria (art. 23) | H62: =Malla_2027!H19 -> 4 | I62: =H62*Parametros!$C$14 -> 40 | J62: =H62*Parametros!$C$15 -> 36 | K62: =H62*Parametros!$C$16 -> 36 | L62: =H62*Parametros!$C$17 -> 36 | M62: =SUM(I62:L62) -> 148 | N62: =M62*Parametros!$C$29/60 -> 148 | O62: =ROUNDDOWN(M62*Parametros!$C$26,0) -> 29 | P62: =M62-O62 -> 119 | Q62: Por elaborar | R62: Docentes del Colegio
A63: 59 | B63: MAT-4 | C63: Básica primaria | D63: 4° | E63: Matemáticas | F63: Matemáticas | G63: Obligatoria (art. 23) | H63: =Malla_2027!H20 -> 5 | I63: =H63*Parametros!$C$14 -> 50 | J63: =H63*Parametros!$C$15 -> 45 | K63: =H63*Parametros!$C$16 -> 45 | L63: =H63*Parametros!$C$17 -> 45 | M63: =SUM(I63:L63) -> 185 | N63: =M63*Parametros!$C$29/60 -> 185 | O63: =ROUNDDOWN(M63*Parametros!$C$26,0) -> 37 | P63: =M63-O63 -> 148 | Q63: Por elaborar | R63: Docentes del Colegio
A64: 60 | B64: TEI-4 | C64: Básica primaria | D64: 4° | E64: Tecnología e Informática | F64: Tecnología e Informática | G64: Obligatoria (art. 23) | H64: =Malla_2027!H24 -> 3 | I64: =H64*Parametros!$C$14 -> 30 | J64: =H64*Parametros!$C$15 -> 27 | K64: =H64*Parametros!$C$16 -> 27 | L64: =H64*Parametros!$C$17 -> 27 | M64: =SUM(I64:L64) -> 111 | N64: =M64*Parametros!$C$29/60 -> 111 | O64: =ROUNDDOWN(M64*Parametros!$C$26,0) -> 22 | P64: =M64-O64 -> 89 | Q64: Por elaborar | R64: EICIT
A65: 61 | B65: CNA-5 | C65: Básica primaria | D65: 5° | E65: Ciencias Naturales y Educación Ambiental | F65: Ciencias Naturales y Educación Ambiental | G65: Obligatoria (art. 23) | H65: =Malla_2027!I6 -> 4 | I65: =H65*Parametros!$C$14 -> 40 | J65: =H65*Parametros!$C$15 -> 36 | K65: =H65*Parametros!$C$16 -> 36 | L65: =H65*Parametros!$C$17 -> 36 | M65: =SUM(I65:L65) -> 148 | N65: =M65*Parametros!$C$29/60 -> 148 | O65: =ROUNDDOWN(M65*Parametros!$C$26,0) -> 29 | P65: =M65-O65 -> 119 | Q65: Por elaborar | R65: Docentes del Colegio
A66: 62 | B66: SOC-5 | C66: Básica primaria | D66: 5° | E66: Ciencias Sociales, Historia, Geografía, Constitución Política y Democracia | F66: Ciencias Sociales | G66: Obligatoria (art. 23) | H66: =Malla_2027!I9 -> 4 | I66: =H66*Parametros!$C$14 -> 40 | J66: =H66*Parametros!$C$15 -> 36 | K66: =H66*Parametros!$C$16 -> 36 | L66: =H66*Parametros!$C$17 -> 36 | M66: =SUM(I66:L66) -> 148 | N66: =M66*Parametros!$C$29/60 -> 148 | O66: =ROUNDDOWN(M66*Parametros!$C$26,0) -> 29 | P66: =M66-O66 -> 119 | Q66: Por elaborar | R66: Docentes del Colegio
A67: 63 | B67: ART-5 | C67: Básica primaria | D67: 5° | E67: Educación Artística y Cultural | F67: Artes plásticas | G67: Obligatoria (art. 23) | H67: =Malla_2027!I12 -> 1 | I67: =H67*Parametros!$C$14 -> 10 | J67: =H67*Parametros!$C$15 -> 9 | K67: =H67*Parametros!$C$16 -> 9 | L67: =H67*Parametros!$C$17 -> 9 | M67: =SUM(I67:L67) -> 37 | N67: =M67*Parametros!$C$29/60 -> 37 | O67: =ROUNDDOWN(M67*Parametros!$C$26,0) -> 7 | P67: =M67-O67 -> 30 | Q67: Por elaborar | R67: Docentes del Colegio
A68: 64 | B68: MUS-5 | C68: Básica primaria | D68: 5° | E68: Educación Artística y Cultural | F68: Música | G68: Obligatoria (art. 23) | H68: =Malla_2027!I13 -> 1 | I68: =H68*Parametros!$C$14 -> 10 | J68: =H68*Parametros!$C$15 -> 9 | K68: =H68*Parametros!$C$16 -> 9 | L68: =H68*Parametros!$C$17 -> 9 | M68: =SUM(I68:L68) -> 37 | N68: =M68*Parametros!$C$29/60 -> 37 | O68: =ROUNDDOWN(M68*Parametros!$C$26,0) -> 7 | P68: =M68-O68 -> 30 | Q68: Por elaborar | R68: Docentes del Colegio
A69: 65 | B69: DAN-5 | C69: Básica primaria | D69: 5° | E69: Educación Artística y Cultural | F69: Danzas | G69: Obligatoria (art. 23) | H69: =Malla_2027!I14 -> 1 | I69: =H69*Parametros!$C$14 -> 10 | J69: =H69*Parametros!$C$15 -> 9 | K69: =H69*Parametros!$C$16 -> 9 | L69: =H69*Parametros!$C$17 -> 9 | M69: =SUM(I69:L69) -> 37 | N69: =M69*Parametros!$C$29/60 -> 37 | O69: =ROUNDDOWN(M69*Parametros!$C$26,0) -> 7 | P69: =M69-O69 -> 30 | Q69: Por elaborar | R69: Docentes del Colegio
A70: 66 | B70: ETI-5 | C70: Básica primaria | D70: 5° | E70: Educación Ética y en Valores Humanos | F70: Ética y Valores Humanos | G70: Obligatoria (art. 23) | H70: =Malla_2027!I15 -> 1 | I70: =H70*Parametros!$C$14 -> 10 | J70: =H70*Parametros!$C$15 -> 9 | K70: =H70*Parametros!$C$16 -> 9 | L70: =H70*Parametros!$C$17 -> 9 | M70: =SUM(I70:L70) -> 37 | N70: =M70*Parametros!$C$29/60 -> 37 | O70: =ROUNDDOWN(M70*Parametros!$C$26,0) -> 7 | P70: =M70-O70 -> 30 | Q70: Por elaborar | R70: Docentes del Colegio
A71: 67 | B71: EFI-5 | C71: Básica primaria | D71: 5° | E71: Educación Física, Recreación y Deportes | F71: Educación Física, Recreación y Deportes | G71: Obligatoria (art. 23) | H71: =Malla_2027!I16 -> 2 | I71: =H71*Parametros!$C$14 -> 20 | J71: =H71*Parametros!$C$15 -> 18 | K71: =H71*Parametros!$C$16 -> 18 | L71: =H71*Parametros!$C$17 -> 18 | M71: =SUM(I71:L71) -> 74 | N71: =M71*Parametros!$C$29/60 -> 74 | O71: =ROUNDDOWN(M71*Parametros!$C$26,0) -> 14 | P71: =M71-O71 -> 60 | Q71: Por elaborar | R71: Docentes del Colegio
A72: 68 | B72: ERE-5 | C72: Básica primaria | D72: 5° | E72: Educación Religiosa | F72: Educación Religiosa Escolar | G72: Obligatoria (art. 23) | H72: =Malla_2027!I17 -> 3 | I72: =H72*Parametros!$C$14 -> 30 | J72: =H72*Parametros!$C$15 -> 27 | K72: =H72*Parametros!$C$16 -> 27 | L72: =H72*Parametros!$C$17 -> 27 | M72: =SUM(I72:L72) -> 111 | N72: =M72*Parametros!$C$29/60 -> 111 | O72: =ROUNDDOWN(M72*Parametros!$C$26,0) -> 22 | P72: =M72-O72 -> 89 | Q72: Por elaborar | R72: Docentes del Colegio
A73: 69 | B73: LCA-5 | C73: Básica primaria | D73: 5° | E73: Humanidades: Lengua Castellana e Idiomas Extranjeros | F73: Lengua Castellana | G73: Obligatoria (art. 23) | H73: =Malla_2027!I18 -> 5 | I73: =H73*Parametros!$C$14 -> 50 | J73: =H73*Parametros!$C$15 -> 45 | K73: =H73*Parametros!$C$16 -> 45 | L73: =H73*Parametros!$C$17 -> 45 | M73: =SUM(I73:L73) -> 185 | N73: =M73*Parametros!$C$29/60 -> 185 | O73: =ROUNDDOWN(M73*Parametros!$C$26,0) -> 37 | P73: =M73-O73 -> 148 | Q73: Por elaborar | R73: Docentes del Colegio
A74: 70 | B74: ING-5 | C74: Básica primaria | D74: 5° | E74: Humanidades: Lengua Castellana e Idiomas Extranjeros | F74: Inglés | G74: Obligatoria (art. 23) | H74: =Malla_2027!I19 -> 4 | I74: =H74*Parametros!$C$14 -> 40 | J74: =H74*Parametros!$C$15 -> 36 | K74: =H74*Parametros!$C$16 -> 36 | L74: =H74*Parametros!$C$17 -> 36 | M74: =SUM(I74:L74) -> 148 | N74: =M74*Parametros!$C$29/60 -> 148 | O74: =ROUNDDOWN(M74*Parametros!$C$26,0) -> 29 | P74: =M74-O74 -> 119 | Q74: Por elaborar | R74: Docentes del Colegio
A75: 71 | B75: MAT-5 | C75: Básica primaria | D75: 5° | E75: Matemáticas | F75: Matemáticas | G75: Obligatoria (art. 23) | H75: =Malla_2027!I20 -> 5 | I75: =H75*Parametros!$C$14 -> 50 | J75: =H75*Parametros!$C$15 -> 45 | K75: =H75*Parametros!$C$16 -> 45 | L75: =H75*Parametros!$C$17 -> 45 | M75: =SUM(I75:L75) -> 185 | N75: =M75*Parametros!$C$29/60 -> 185 | O75: =ROUNDDOWN(M75*Parametros!$C$26,0) -> 37 | P75: =M75-O75 -> 148 | Q75: Por elaborar | R75: Docentes del Colegio
A76: 72 | B76: TEI-5 | C76: Básica primaria | D76: 5° | E76: Tecnología e Informática | F76: Tecnología e Informática | G76: Obligatoria (art. 23) | H76: =Malla_2027!I24 -> 3 | I76: =H76*Parametros!$C$14 -> 30 | J76: =H76*Parametros!$C$15 -> 27 | K76: =H76*Parametros!$C$16 -> 27 | L76: =H76*Parametros!$C$17 -> 27 | M76: =SUM(I76:L76) -> 111 | N76: =M76*Parametros!$C$29/60 -> 111 | O76: =ROUNDDOWN(M76*Parametros!$C$26,0) -> 22 | P76: =M76-O76 -> 89 | Q76: Por elaborar | R76: EICIT
A77: 73 | B77: CNA-6 | C77: Básica secundaria | D77: 6° | E77: Ciencias Naturales y Educación Ambiental | F77: Ciencias Naturales y Educación Ambiental | G77: Obligatoria (art. 23) | H77: =Malla_2027!J6 -> 4 | I77: =H77*Parametros!$C$14 -> 40 | J77: =H77*Parametros!$C$15 -> 36 | K77: =H77*Parametros!$C$16 -> 36 | L77: =H77*Parametros!$C$17 -> 36 | M77: =SUM(I77:L77) -> 148 | N77: =M77*Parametros!$C$29/60 -> 148 | O77: =ROUNDDOWN(M77*Parametros!$C$26,0) -> 29 | P77: =M77-O77 -> 119 | Q77: Por elaborar | R77: Docentes del Colegio
A78: 74 | B78: SOC-6 | C78: Básica secundaria | D78: 6° | E78: Ciencias Sociales, Historia, Geografía, Constitución Política y Democracia | F78: Ciencias Sociales | G78: Obligatoria (art. 23) | H78: =Malla_2027!J9 -> 5 | I78: =H78*Parametros!$C$14 -> 50 | J78: =H78*Parametros!$C$15 -> 45 | K78: =H78*Parametros!$C$16 -> 45 | L78: =H78*Parametros!$C$17 -> 45 | M78: =SUM(I78:L78) -> 185 | N78: =M78*Parametros!$C$29/60 -> 185 | O78: =ROUNDDOWN(M78*Parametros!$C$26,0) -> 37 | P78: =M78-O78 -> 148 | Q78: Por elaborar | R78: Docentes del Colegio
A79: 75 | B79: ART-6 | C79: Básica secundaria | D79: 6° | E79: Educación Artística y Cultural | F79: Artes plásticas | G79: Obligatoria (art. 23) | H79: =Malla_2027!J12 -> 1 | I79: =H79*Parametros!$C$14 -> 10 | J79: =H79*Parametros!$C$15 -> 9 | K79: =H79*Parametros!$C$16 -> 9 | L79: =H79*Parametros!$C$17 -> 9 | M79: =SUM(I79:L79) -> 37 | N79: =M79*Parametros!$C$29/60 -> 37 | O79: =ROUNDDOWN(M79*Parametros!$C$26,0) -> 7 | P79: =M79-O79 -> 30 | Q79: Por elaborar | R79: Docentes del Colegio
A80: 76 | B80: MUS-6 | C80: Básica secundaria | D80: 6° | E80: Educación Artística y Cultural | F80: Música | G80: Obligatoria (art. 23) | H80: =Malla_2027!J13 -> 1 | I80: =H80*Parametros!$C$14 -> 10 | J80: =H80*Parametros!$C$15 -> 9 | K80: =H80*Parametros!$C$16 -> 9 | L80: =H80*Parametros!$C$17 -> 9 | M80: =SUM(I80:L80) -> 37 | N80: =M80*Parametros!$C$29/60 -> 37 | O80: =ROUNDDOWN(M80*Parametros!$C$26,0) -> 7 | P80: =M80-O80 -> 30 | Q80: Por elaborar | R80: Docentes del Colegio
A81: 77 | B81: DAN-6 | C81: Básica secundaria | D81: 6° | E81: Educación Artística y Cultural | F81: Danzas | G81: Obligatoria (art. 23) | H81: =Malla_2027!J14 -> 1 | I81: =H81*Parametros!$C$14 -> 10 | J81: =H81*Parametros!$C$15 -> 9 | K81: =H81*Parametros!$C$16 -> 9 | L81: =H81*Parametros!$C$17 -> 9 | M81: =SUM(I81:L81) -> 37 | N81: =M81*Parametros!$C$29/60 -> 37 | O81: =ROUNDDOWN(M81*Parametros!$C$26,0) -> 7 | P81: =M81-O81 -> 30 | Q81: Por elaborar | R81: Docentes del Colegio
A82: 78 | B82: ETI-6 | C82: Básica secundaria | D82: 6° | E82: Educación Ética y en Valores Humanos | F82: Ética y Valores Humanos | G82: Obligatoria (art. 23) | H82: =Malla_2027!J15 -> 1 | I82: =H82*Parametros!$C$14 -> 10 | J82: =H82*Parametros!$C$15 -> 9 | K82: =H82*Parametros!$C$16 -> 9 | L82: =H82*Parametros!$C$17 -> 9 | M82: =SUM(I82:L82) -> 37 | N82: =M82*Parametros!$C$29/60 -> 37 | O82: =ROUNDDOWN(M82*Parametros!$C$26,0) -> 7 | P82: =M82-O82 -> 30 | Q82: Por elaborar | R82: Docentes del Colegio
A83: 79 | B83: EFI-6 | C83: Básica secundaria | D83: 6° | E83: Educación Física, Recreación y Deportes | F83: Educación Física, Recreación y Deportes | G83: Obligatoria (art. 23) | H83: =Malla_2027!J16 -> 2 | I83: =H83*Parametros!$C$14 -> 20 | J83: =H83*Parametros!$C$15 -> 18 | K83: =H83*Parametros!$C$16 -> 18 | L83: =H83*Parametros!$C$17 -> 18 | M83: =SUM(I83:L83) -> 74 | N83: =M83*Parametros!$C$29/60 -> 74 | O83: =ROUNDDOWN(M83*Parametros!$C$26,0) -> 14 | P83: =M83-O83 -> 60 | Q83: Por elaborar | R83: Docentes del Colegio
A84: 80 | B84: ERE-6 | C84: Básica secundaria | D84: 6° | E84: Educación Religiosa | F84: Educación Religiosa Escolar | G84: Obligatoria (art. 23) | H84: =Malla_2027!J17 -> 3 | I84: =H84*Parametros!$C$14 -> 30 | J84: =H84*Parametros!$C$15 -> 27 | K84: =H84*Parametros!$C$16 -> 27 | L84: =H84*Parametros!$C$17 -> 27 | M84: =SUM(I84:L84) -> 111 | N84: =M84*Parametros!$C$29/60 -> 111 | O84: =ROUNDDOWN(M84*Parametros!$C$26,0) -> 22 | P84: =M84-O84 -> 89 | Q84: Por elaborar | R84: Docentes del Colegio
A85: 81 | B85: LCA-6 | C85: Básica secundaria | D85: 6° | E85: Humanidades: Lengua Castellana e Idiomas Extranjeros | F85: Lengua Castellana | G85: Obligatoria (art. 23) | H85: =Malla_2027!J18 -> 5 | I85: =H85*Parametros!$C$14 -> 50 | J85: =H85*Parametros!$C$15 -> 45 | K85: =H85*Parametros!$C$16 -> 45 | L85: =H85*Parametros!$C$17 -> 45 | M85: =SUM(I85:L85) -> 185 | N85: =M85*Parametros!$C$29/60 -> 185 | O85: =ROUNDDOWN(M85*Parametros!$C$26,0) -> 37 | P85: =M85-O85 -> 148 | Q85: Por elaborar | R85: Docentes del Colegio
A86: 82 | B86: ING-6 | C86: Básica secundaria | D86: 6° | E86: Humanidades: Lengua Castellana e Idiomas Extranjeros | F86: Inglés | G86: Obligatoria (art. 23) | H86: =Malla_2027!J19 -> 4 | I86: =H86*Parametros!$C$14 -> 40 | J86: =H86*Parametros!$C$15 -> 36 | K86: =H86*Parametros!$C$16 -> 36 | L86: =H86*Parametros!$C$17 -> 36 | M86: =SUM(I86:L86) -> 148 | N86: =M86*Parametros!$C$29/60 -> 148 | O86: =ROUNDDOWN(M86*Parametros!$C$26,0) -> 29 | P86: =M86-O86 -> 119 | Q86: Por elaborar | R86: Docentes del Colegio
A87: 83 | B87: MAT-6 | C87: Básica secundaria | D87: 6° | E87: Matemáticas | F87: Matemáticas | G87: Obligatoria (art. 23) | H87: =Malla_2027!J20 -> 5 | I87: =H87*Parametros!$C$14 -> 50 | J87: =H87*Parametros!$C$15 -> 45 | K87: =H87*Parametros!$C$16 -> 45 | L87: =H87*Parametros!$C$17 -> 45 | M87: =SUM(I87:L87) -> 185 | N87: =M87*Parametros!$C$29/60 -> 185 | O87: =ROUNDDOWN(M87*Parametros!$C$26,0) -> 37 | P87: =M87-O87 -> 148 | Q87: Por elaborar | R87: Docentes del Colegio
A88: 84 | B88: TEI-6 | C88: Básica secundaria | D88: 6° | E88: Tecnología e Informática | F88: Tecnología e Informática | G88: Obligatoria (art. 23) | H88: =Malla_2027!J24 -> 3 | I88: =H88*Parametros!$C$14 -> 30 | J88: =H88*Parametros!$C$15 -> 27 | K88: =H88*Parametros!$C$16 -> 27 | L88: =H88*Parametros!$C$17 -> 27 | M88: =SUM(I88:L88) -> 111 | N88: =M88*Parametros!$C$29/60 -> 111 | O88: =ROUNDDOWN(M88*Parametros!$C$26,0) -> 22 | P88: =M88-O88 -> 89 | Q88: Por elaborar | R88: EICIT
A89: 85 | B89: CNA-7 | C89: Básica secundaria | D89: 7° | E89: Ciencias Naturales y Educación Ambiental | F89: Ciencias Naturales y Educación Ambiental | G89: Obligatoria (art. 23) | H89: =Malla_2027!K6 -> 4 | I89: =H89*Parametros!$C$14 -> 40 | J89: =H89*Parametros!$C$15 -> 36 | K89: =H89*Parametros!$C$16 -> 36 | L89: =H89*Parametros!$C$17 -> 36 | M89: =SUM(I89:L89) -> 148 | N89: =M89*Parametros!$C$29/60 -> 148 | O89: =ROUNDDOWN(M89*Parametros!$C$26,0) -> 29 | P89: =M89-O89 -> 119 | Q89: Por elaborar | R89: Docentes del Colegio
A90: 86 | B90: SOC-7 | C90: Básica secundaria | D90: 7° | E90: Ciencias Sociales, Historia, Geografía, Constitución Política y Democracia | F90: Ciencias Sociales | G90: Obligatoria (art. 23) | H90: =Malla_2027!K9 -> 5 | I90: =H90*Parametros!$C$14 -> 50 | J90: =H90*Parametros!$C$15 -> 45 | K90: =H90*Parametros!$C$16 -> 45 | L90: =H90*Parametros!$C$17 -> 45 | M90: =SUM(I90:L90) -> 185 | N90: =M90*Parametros!$C$29/60 -> 185 | O90: =ROUNDDOWN(M90*Parametros!$C$26,0) -> 37 | P90: =M90-O90 -> 148 | Q90: Por elaborar | R90: Docentes del Colegio
A91: 87 | B91: ART-7 | C91: Básica secundaria | D91: 7° | E91: Educación Artística y Cultural | F91: Artes plásticas | G91: Obligatoria (art. 23) | H91: =Malla_2027!K12 -> 1 | I91: =H91*Parametros!$C$14 -> 10 | J91: =H91*Parametros!$C$15 -> 9 | K91: =H91*Parametros!$C$16 -> 9 | L91: =H91*Parametros!$C$17 -> 9 | M91: =SUM(I91:L91) -> 37 | N91: =M91*Parametros!$C$29/60 -> 37 | O91: =ROUNDDOWN(M91*Parametros!$C$26,0) -> 7 | P91: =M91-O91 -> 30 | Q91: Por elaborar | R91: Docentes del Colegio
A92: 88 | B92: MUS-7 | C92: Básica secundaria | D92: 7° | E92: Educación Artística y Cultural | F92: Música | G92: Obligatoria (art. 23) | H92: =Malla_2027!K13 -> 1 | I92: =H92*Parametros!$C$14 -> 10 | J92: =H92*Parametros!$C$15 -> 9 | K92: =H92*Parametros!$C$16 -> 9 | L92: =H92*Parametros!$C$17 -> 9 | M92: =SUM(I92:L92) -> 37 | N92: =M92*Parametros!$C$29/60 -> 37 | O92: =ROUNDDOWN(M92*Parametros!$C$26,0) -> 7 | P92: =M92-O92 -> 30 | Q92: Por elaborar | R92: Docentes del Colegio
A93: 89 | B93: DAN-7 | C93: Básica secundaria | D93: 7° | E93: Educación Artística y Cultural | F93: Danzas | G93: Obligatoria (art. 23) | H93: =Malla_2027!K14 -> 1 | I93: =H93*Parametros!$C$14 -> 10 | J93: =H93*Parametros!$C$15 -> 9 | K93: =H93*Parametros!$C$16 -> 9 | L93: =H93*Parametros!$C$17 -> 9 | M93: =SUM(I93:L93) -> 37 | N93: =M93*Parametros!$C$29/60 -> 37 | O93: =ROUNDDOWN(M93*Parametros!$C$26,0) -> 7 | P93: =M93-O93 -> 30 | Q93: Por elaborar | R93: Docentes del Colegio
A94: 90 | B94: ETI-7 | C94: Básica secundaria | D94: 7° | E94: Educación Ética y en Valores Humanos | F94: Ética y Valores Humanos | G94: Obligatoria (art. 23) | H94: =Malla_2027!K15 -> 1 | I94: =H94*Parametros!$C$14 -> 10 | J94: =H94*Parametros!$C$15 -> 9 | K94: =H94*Parametros!$C$16 -> 9 | L94: =H94*Parametros!$C$17 -> 9 | M94: =SUM(I94:L94) -> 37 | N94: =M94*Parametros!$C$29/60 -> 37 | O94: =ROUNDDOWN(M94*Parametros!$C$26,0) -> 7 | P94: =M94-O94 -> 30 | Q94: Por elaborar | R94: Docentes del Colegio
A95: 91 | B95: EFI-7 | C95: Básica secundaria | D95: 7° | E95: Educación Física, Recreación y Deportes | F95: Educación Física, Recreación y Deportes | G95: Obligatoria (art. 23) | H95: =Malla_2027!K16 -> 2 | I95: =H95*Parametros!$C$14 -> 20 | J95: =H95*Parametros!$C$15 -> 18 | K95: =H95*Parametros!$C$16 -> 18 | L95: =H95*Parametros!$C$17 -> 18 | M95: =SUM(I95:L95) -> 74 | N95: =M95*Parametros!$C$29/60 -> 74 | O95: =ROUNDDOWN(M95*Parametros!$C$26,0) -> 14 | P95: =M95-O95 -> 60 | Q95: Por elaborar | R95: Docentes del Colegio
A96: 92 | B96: ERE-7 | C96: Básica secundaria | D96: 7° | E96: Educación Religiosa | F96: Educación Religiosa Escolar | G96: Obligatoria (art. 23) | H96: =Malla_2027!K17 -> 3 | I96: =H96*Parametros!$C$14 -> 30 | J96: =H96*Parametros!$C$15 -> 27 | K96: =H96*Parametros!$C$16 -> 27 | L96: =H96*Parametros!$C$17 -> 27 | M96: =SUM(I96:L96) -> 111 | N96: =M96*Parametros!$C$29/60 -> 111 | O96: =ROUNDDOWN(M96*Parametros!$C$26,0) -> 22 | P96: =M96-O96 -> 89 | Q96: Por elaborar | R96: Docentes del Colegio
A97: 93 | B97: LCA-7 | C97: Básica secundaria | D97: 7° | E97: Humanidades: Lengua Castellana e Idiomas Extranjeros | F97: Lengua Castellana | G97: Obligatoria (art. 23) | H97: =Malla_2027!K18 -> 5 | I97: =H97*Parametros!$C$14 -> 50 | J97: =H97*Parametros!$C$15 -> 45 | K97: =H97*Parametros!$C$16 -> 45 | L97: =H97*Parametros!$C$17 -> 45 | M97: =SUM(I97:L97) -> 185 | N97: =M97*Parametros!$C$29/60 -> 185 | O97: =ROUNDDOWN(M97*Parametros!$C$26,0) -> 37 | P97: =M97-O97 -> 148 | Q97: Por elaborar | R97: Docentes del Colegio
A98: 94 | B98: ING-7 | C98: Básica secundaria | D98: 7° | E98: Humanidades: Lengua Castellana e Idiomas Extranjeros | F98: Inglés | G98: Obligatoria (art. 23) | H98: =Malla_2027!K19 -> 4 | I98: =H98*Parametros!$C$14 -> 40 | J98: =H98*Parametros!$C$15 -> 36 | K98: =H98*Parametros!$C$16 -> 36 | L98: =H98*Parametros!$C$17 -> 36 | M98: =SUM(I98:L98) -> 148 | N98: =M98*Parametros!$C$29/60 -> 148 | O98: =ROUNDDOWN(M98*Parametros!$C$26,0) -> 29 | P98: =M98-O98 -> 119 | Q98: Por elaborar | R98: Docentes del Colegio
A99: 95 | B99: MAT-7 | C99: Básica secundaria | D99: 7° | E99: Matemáticas | F99: Matemáticas | G99: Obligatoria (art. 23) | H99: =Malla_2027!K20 -> 5 | I99: =H99*Parametros!$C$14 -> 50 | J99: =H99*Parametros!$C$15 -> 45 | K99: =H99*Parametros!$C$16 -> 45 | L99: =H99*Parametros!$C$17 -> 45 | M99: =SUM(I99:L99) -> 185 | N99: =M99*Parametros!$C$29/60 -> 185 | O99: =ROUNDDOWN(M99*Parametros!$C$26,0) -> 37 | P99: =M99-O99 -> 148 | Q99: Por elaborar | R99: Docentes del Colegio
A100: 96 | B100: TEI-7 | C100: Básica secundaria | D100: 7° | E100: Tecnología e Informática | F100: Tecnología e Informática | G100: Obligatoria (art. 23) | H100: =Malla_2027!K24 -> 3 | I100: =H100*Parametros!$C$14 -> 30 | J100: =H100*Parametros!$C$15 -> 27 | K100: =H100*Parametros!$C$16 -> 27 | L100: =H100*Parametros!$C$17 -> 27 | M100: =SUM(I100:L100) -> 111 | N100: =M100*Parametros!$C$29/60 -> 111 | O100: =ROUNDDOWN(M100*Parametros!$C$26,0) -> 22 | P100: =M100-O100 -> 89 | Q100: Por elaborar | R100: EICIT
...

Sheet Comparativo
A1: Comparativo por asignatura · propuesta EICIT v2.2 frente al consenso definitivo
A2: EICIT_CMA_1.5.1 · Versión 3 · consenso del 30 de septiembre de 2026 (acta de consenso, tarea 1.5.1). EICIT propone; el Colegio María Auxiliadora de Soacha delibera, decide y adopta (Consejo Académico → Consejo Directivo → resolución rectoral).
A3: Fuente del consenso: MALLA_X_HORAS_Ver_2.xlsx (consenso del 30-sep), con Física ubicada en Ciencias Naturales. La propuesta v2.2 incluía además Pensamiento lógico y computacional (T–4°) y Cátedra de Educación Emocional (T–3°), no adoptados: el primero se integra a Tecnología e Informática y la segunda es proyecto transversal. Transición: 35 sesiones en ambos casos.
A4: Asignatura | B4: Fuente | C4: 1° | D4: 2° | E4: 3° | F4: 4° | G4: 5° | H4: 6° | I4: 7° | J4: 8° | K4: 9° | L4: 10° | M4: 11°
A5: Ciencias Naturales y Educación Ambiental | B5: Propuesta EICIT v2.2 | C5: 4 | D5: 4 | E5: 4 | F5: 4 | G5: 4 | H5: 4 | I5: 4 | J5: 4 | K5: 4 | L5: 0 | M5: 0
B6: Consenso (definitiva) | C6: =Malla_2027!E6 -> 4 | D6: =Malla_2027!F6 -> 4 | E6: =Malla_2027!G6 -> 4 | F6: =Malla_2027!H6 -> 4 | G6: =Malla_2027!I6 -> 4 | H6: =Malla_2027!J6 -> 4 | I6: =Malla_2027!K6 -> 4 | J6: =Malla_2027!L6 -> 4 | ... M6: =Malla_2027!O6 -> 0
B7: Diferencia | C7: =C6-C5 -> 0 | D7: =D6-D5 -> 0 | E7: =E6-E5 -> 0 | F7: =F6-F5 -> 0 | G7: =G6-G5 -> 0 | H7: =H6-H5 -> 0 | I7: =I6-I5 -> 0 | J7: =J6-J5 -> 0 | ... M7: =M6-M5 -> 0
A8: Química | B8: Propuesta EICIT v2.2 | C8: 0 | D8: 0 | E8: 0 | F8: 0 | G8: 0 | H8: 0 | I8: 0 | J8: 0 | K8: 0 | L8: 3 | M8: 3
B9: Consenso (definitiva) | C9: =Malla_2027!E7 -> 0 | D9: =Malla_2027!F7 -> 0 | E9: =Malla_2027!G7 -> 0 | F9: =Malla_2027!H7 -> 0 | G9: =Malla_2027!I7 -> 0 | H9: =Malla_2027!J7 -> 0 | I9: =Malla_2027!K7 -> 0 | J9: =Malla_2027!L7 -> 0 | ... M9: =Malla_2027!O7 -> 3
B10: Diferencia | C10: =C9-C8 -> 0 | D10: =D9-D8 -> 0 | E10: =E9-E8 -> 0 | F10: =F9-F8 -> 0 | G10: =G9-G8 -> 0 | H10: =H9-H8 -> 0 | I10: =I9-I8 -> 0 | J10: =J9-J8 -> 0 | ... M10: =M9-M8 -> 0
A11: Física | B11: Propuesta EICIT v2.2 | C11: 0 | D11: 0 | E11: 0 | F11: 0 | G11: 0 | H11: 0 | I11: 0 | J11: 0 | K11: 0 | L11: 3 | M11: 3
B12: Consenso (definitiva) | C12: =Malla_2027!E8 -> 0 | D12: =Malla_2027!F8 -> 0 | E12: =Malla_2027!G8 -> 0 | F12: =Malla_2027!H8 -> 0 | G12: =Malla_2027!I8 -> 0 | H12: =Malla_2027!J8 -> 0 | I12: =Malla_2027!K8 -> 0 | J12: =Malla_2027!L8 -> 0 | ... M12: =Malla_2027!O8 -> 3
B13: Diferencia | C13: =C12-C11 -> 0 | D13: =D12-D11 -> 0 | E13: =E12-E11 -> 0 | F13: =F12-F11 -> 0 | G13: =G12-G11 -> 0 | H13: =H12-H11 -> 0 | I13: =I12-I11 -> 0 | J13: =J12-J11 -> 0 | ... M13: =M12-M11 -> 0
A14: Ciencias Sociales | B14: Propuesta EICIT v2.2 | C14: 4 | D14: 4 | E14: 4 | F14: 5 | G14: 5 | H14: 5 | I14: 5 | J14: 5 | K14: 5 | L14: 0 | M14: 0
B15: Consenso (definitiva) | C15: =Malla_2027!E9 -> 4 | D15: =Malla_2027!F9 -> 4 | E15: =Malla_2027!G9 -> 4 | F15: =Malla_2027!H9 -> 4 | G15: =Malla_2027!I9 -> 4 | H15: =Malla_2027!J9 -> 5 | I15: =Malla_2027!K9 -> 5 | J15: =Malla_2027!L9 -> 5 | ... M15: =Malla_2027!O9 -> 0
B16: Diferencia | C16: =C15-C14 -> 0 | D16: =D15-D14 -> 0 | E16: =E15-E14 -> 0 | F16: =F15-F14 -> -1 | G16: =G15-G14 -> -1 | H16: =H15-H14 -> 0 | I16: =I15-I14 -> 0 | J16: =J15-J14 -> 0 | ... M16: =M15-M14 -> 0
A17: Ciencias Económicas y Políticas | B17: Propuesta EICIT v2.2 | C17: 0 | D17: 0 | E17: 0 | F17: 0 | G17: 0 | H17: 0 | I17: 0 | J17: 0 | K17: 0 | L17: 2 | M17: 2
B18: Consenso (definitiva) | C18: =Malla_2027!E10 -> 0 | D18: =Malla_2027!F10 -> 0 | E18: =Malla_2027!G10 -> 0 | F18: =Malla_2027!H10 -> 0 | G18: =Malla_2027!I10 -> 0 | H18: =Malla_2027!J10 -> 0 | I18: =Malla_2027!K10 -> 0 | J18: =Malla_2027!L10 -> 0 | ... M18: =Malla_2027!O10 -> 2
B19: Diferencia | C19: =C18-C17 -> 0 | D19: =D18-D17 -> 0 | E19: =E18-E17 -> 0 | F19: =F18-F17 -> 0 | G19: =G18-G17 -> 0 | H19: =H18-H17 -> 0 | I19: =I18-I17 -> 0 | J19: =J18-J17 -> 0 | ... M19: =M18-M17 -> 0
A20: Filosofía | B20: Propuesta EICIT v2.2 | C20: 0 | D20: 0 | E20: 0 | F20: 0 | G20: 0 | H20: 0 | I20: 0 | J20: 0 | K20: 0 | L20: 2 | M20: 2
B21: Consenso (definitiva) | C21: =Malla_2027!E11 -> 0 | D21: =Malla_2027!F11 -> 0 | E21: =Malla_2027!G11 -> 0 | F21: =Malla_2027!H11 -> 0 | G21: =Malla_2027!I11 -> 0 | H21: =Malla_2027!J11 -> 0 | I21: =Malla_2027!K11 -> 0 | J21: =Malla_2027!L11 -> 0 | ... M21: =Malla_2027!O11 -> 2
B22: Diferencia | C22: =C21-C20 -> 0 | D22: =D21-D20 -> 0 | E22: =E21-E20 -> 0 | F22: =F21-F20 -> 0 | G22: =G21-G20 -> 0 | H22: =H21-H20 -> 0 | I22: =I21-I20 -> 0 | J22: =J21-J20 -> 0 | ... M22: =M21-M20 -> 0
A23: Artes plásticas | B23: Propuesta EICIT v2.2 | C23: 2 | D23: 2 | E23: 2 | F23: 2 | G23: 2 | H23: 2 | I23: 2 | J23: 2 | K23: 2 | L23: 0 | M23: 0
B24: Consenso (definitiva) | C24: =Malla_2027!E12 -> 1 | D24: =Malla_2027!F12 -> 1 | E24: =Malla_2027!G12 -> 1 | F24: =Malla_2027!H12 -> 1 | G24: =Malla_2027!I12 -> 1 | H24: =Malla_2027!J12 -> 1 | I24: =Malla_2027!K12 -> 1 | J24: =Malla_2027!L12 -> 1 | ... M24: =Malla_2027!O12 -> 0
B25: Diferencia | C25: =C24-C23 -> -1 | D25: =D24-D23 -> -1 | E25: =E24-E23 -> -1 | F25: =F24-F23 -> -1 | G25: =G24-G23 -> -1 | H25: =H24-H23 -> -1 | I25: =I24-I23 -> -1 | J25: =J24-J23 -> -1 | ... M25: =M24-M23 -> 0
A26: Música | B26: Propuesta EICIT v2.2 | C26: 1 | D26: 1 | E26: 1 | F26: 1 | G26: 1 | H26: 1 | I26: 1 | J26: 1 | K26: 1 | L26: 1 | M26: 1
B27: Consenso (definitiva) | C27: =Malla_2027!E13 -> 1 | D27: =Malla_2027!F13 -> 1 | E27: =Malla_2027!G13 -> 1 | F27: =Malla_2027!H13 -> 1 | G27: =Malla_2027!I13 -> 1 | H27: =Malla_2027!J13 -> 1 | I27: =Malla_2027!K13 -> 1 | J27: =Malla_2027!L13 -> 1 | ... M27: =Malla_2027!O13 -> 1
B28: Diferencia | C28: =C27-C26 -> 0 | D28: =D27-D26 -> 0 | E28: =E27-E26 -> 0 | F28: =F27-F26 -> 0 | G28: =G27-G26 -> 0 | H28: =H27-H26 -> 0 | I28: =I27-I26 -> 0 | J28: =J27-J26 -> 0 | ... M28: =M27-M26 -> 0
A29: Danzas | B29: Propuesta EICIT v2.2 | C29: 1 | D29: 1 | E29: 1 | F29: 1 | G29: 1 | H29: 1 | I29: 1 | J29: 1 | K29: 1 | L29: 1 | M29: 1
B30: Consenso (definitiva) | C30: =Malla_2027!E14 -> 1 | D30: =Malla_2027!F14 -> 1 | E30: =Malla_2027!G14 -> 1 | F30: =Malla_2027!H14 -> 1 | G30: =Malla_2027!I14 -> 1 | H30: =Malla_2027!J14 -> 1 | I30: =Malla_2027!K14 -> 1 | J30: =Malla_2027!L14 -> 1 | ... M30: =Malla_2027!O14 -> 1
B31: Diferencia | C31: =C30-C29 -> 0 | D31: =D30-D29 -> 0 | E31: =E30-E29 -> 0 | F31: =F30-F29 -> 0 | G31: =G30-G29 -> 0 | H31: =H30-H29 -> 0 | I31: =I30-I29 -> 0 | J31: =J30-J29 -> 0 | ... M31: =M30-M29 -> 0
A32: Ética y Valores Humanos | B32: Propuesta EICIT v2.2 | C32: 1 | D32: 1 | E32: 1 | F32: 1 | G32: 1 | H32: 1 | I32: 1 | J32: 1 | K32: 1 | L32: 2 | M32: 2
B33: Consenso (definitiva) | C33: =Malla_2027!E15 -> 1 | D33: =Malla_2027!F15 -> 1 | E33: =Malla_2027!G15 -> 1 | F33: =Malla_2027!H15 -> 1 | G33: =Malla_2027!I15 -> 1 | H33: =Malla_2027!J15 -> 1 | I33: =Malla_2027!K15 -> 1 | J33: =Malla_2027!L15 -> 1 | ... M33: =Malla_2027!O15 -> 2
B34: Diferencia | C34: =C33-C32 -> 0 | D34: =D33-D32 -> 0 | E34: =E33-E32 -> 0 | F34: =F33-F32 -> 0 | G34: =G33-G32 -> 0 | H34: =H33-H32 -> 0 | I34: =I33-I32 -> 0 | J34: =J33-J32 -> 0 | ... M34: =M33-M32 -> 0
A35: Educación Física, Recreación y Deportes | B35: Propuesta EICIT v2.2 | C35: 2 | D35: 2 | E35: 2 | F35: 2 | G35: 2 | H35: 2 | I35: 2 | J35: 2 | K35: 1 | L35: 1 | M35: 1
B36: Consenso (definitiva) | C36: =Malla_2027!E16 -> 2 | D36: =Malla_2027!F16 -> 2 | E36: =Malla_2027!G16 -> 2 | F36: =Malla_2027!H16 -> 2 | G36: =Malla_2027!I16 -> 2 | H36: =Malla_2027!J16 -> 2 | I36: =Malla_2027!K16 -> 2 | J36: =Malla_2027!L16 -> 2 | ... M36: =Malla_2027!O16 -> 1
B37: Diferencia | C37: =C36-C35 -> 0 | D37: =D36-D35 -> 0 | E37: =E36-E35 -> 0 | F37: =F36-F35 -> 0 | G37: =G36-G35 -> 0 | H37: =H36-H35 -> 0 | I37: =I36-I35 -> 0 | J37: =J36-J35 -> 0 | ... M37: =M36-M35 -> 0
A38: Educación Religiosa Escolar | B38: Propuesta EICIT v2.2 | C38: 3 | D38: 3 | E38: 3 | F38: 3 | G38: 3 | H38: 3 | I38: 3 | J38: 3 | K38: 3 | L38: 3 | M38: 3
B39: Consenso (definitiva) | C39: =Malla_2027!E17 -> 3 | D39: =Malla_2027!F17 -> 3 | E39: =Malla_2027!G17 -> 3 | F39: =Malla_2027!H17 -> 3 | G39: =Malla_2027!I17 -> 3 | H39: =Malla_2027!J17 -> 3 | I39: =Malla_2027!K17 -> 3 | J39: =Malla_2027!L17 -> 3 | ... M39: =Malla_2027!O17 -> 3
B40: Diferencia | C40: =C39-C38 -> 0 | D40: =D39-D38 -> 0 | E40: =E39-E38 -> 0 | F40: =F39-F38 -> 0 | G40: =G39-G38 -> 0 | H40: =H39-H38 -> 0 | I40: =I39-I38 -> 0 | J40: =J39-J38 -> 0 | ... M40: =M39-M38 -> 0
A41: Lengua Castellana | B41: Propuesta EICIT v2.2 | C41: 5 | D41: 5 | E41: 5 | F41: 5 | G41: 5 | H41: 5 | I41: 5 | J41: 5 | K41: 5 | L41: 4 | M41: 4
B42: Consenso (definitiva) | C42: =Malla_2027!E18 -> 5 | D42: =Malla_2027!F18 -> 5 | E42: =Malla_2027!G18 -> 5 | F42: =Malla_2027!H18 -> 5 | G42: =Malla_2027!I18 -> 5 | H42: =Malla_2027!J18 -> 5 | I42: =Malla_2027!K18 -> 5 | J42: =Malla_2027!L18 -> 5 | ... M42: =Malla_2027!O18 -> 4
B43: Diferencia | C43: =C42-C41 -> 0 | D43: =D42-D41 -> 0 | E43: =E42-E41 -> 0 | F43: =F42-F41 -> 0 | G43: =G42-G41 -> 0 | H43: =H42-H41 -> 0 | I43: =I42-I41 -> 0 | J43: =J42-J41 -> 0 | ... M43: =M42-M41 -> 0
A44: Inglés | B44: Propuesta EICIT v2.2 | C44: 4 | D44: 4 | E44: 4 | F44: 4 | G44: 4 | H44: 4 | I44: 4 | J44: 4 | K44: 4 | L44: 5 | M44: 5
B45: Consenso (definitiva) | C45: =Malla_2027!E19 -> 4 | D45: =Malla_2027!F19 -> 4 | E45: =Malla_2027!G19 -> 4 | F45: =Malla_2027!H19 -> 4 | G45: =Malla_2027!I19 -> 4 | H45: =Malla_2027!J19 -> 4 | I45: =Malla_2027!K19 -> 4 | J45: =Malla_2027!L19 -> 4 | ... M45: =Malla_2027!O19 -> 5
B46: Diferencia | C46: =C45-C44 -> 0 | D46: =D45-D44 -> 0 | E46: =E45-E44 -> 0 | F46: =F45-F44 -> 0 | G46: =G45-G44 -> 0 | H46: =H45-H44 -> 0 | I46: =I45-I44 -> 0 | J46: =J45-J44 -> 0 | ... M46: =M45-M44 -> 0
A47: Matemáticas | B47: Propuesta EICIT v2.2 | C47: 4 | D47: 4 | E47: 4 | F47: 4 | G47: 4 | H47: 4 | I47: 4 | J47: 0 | K47: 0 | L47: 0 | M47: 0
B48: Consenso (definitiva) | C48: =Malla_2027!E20 -> 5 | D48: =Malla_2027!F20 -> 5 | E48: =Malla_2027!G20 -> 5 | F48: =Malla_2027!H20 -> 5 | G48: =Malla_2027!I20 -> 5 | H48: =Malla_2027!J20 -> 5 | I48: =Malla_2027!K20 -> 5 | J48: =Malla_2027!L20 -> 0 | ... M48: =Malla_2027!O20 -> 0
B49: Diferencia | C49: =C48-C47 -> 1 | D49: =D48-D47 -> 1 | E49: =E48-E47 -> 1 | F49: =F48-F47 -> 1 | G49: =G48-G47 -> 1 | H49: =H48-H47 -> 1 | I49: =I48-I47 -> 1 | J49: =J48-J47 -> 0 | ... M49: =M48-M47 -> 0
A50: Álgebra | B50: Propuesta EICIT v2.2 | C50: 0 | D50: 0 | E50: 0 | F50: 0 | G50: 0 | H50: 0 | I50: 0 | J50: 4 | K50: 4 | L50: 0 | M50: 0
B51: Consenso (definitiva) | C51: =Malla_2027!E21 -> 0 | D51: =Malla_2027!F21 -> 0 | E51: =Malla_2027!G21 -> 0 | F51: =Malla_2027!H21 -> 0 | G51: =Malla_2027!I21 -> 0 | H51: =Malla_2027!J21 -> 0 | I51: =Malla_2027!K21 -> 0 | J51: =Malla_2027!L21 -> 5 | ... M51: =Malla_2027!O21 -> 0
B52: Diferencia | C52: =C51-C50 -> 0 | D52: =D51-D50 -> 0 | E52: =E51-E50 -> 0 | F52: =F51-F50 -> 0 | G52: =G51-G50 -> 0 | H52: =H51-H50 -> 0 | I52: =I51-I50 -> 0 | J52: =J51-J50 -> 1 | ... M52: =M51-M50 -> 0
A53: Trigonometría | B53: Propuesta EICIT v2.2 | C53: 0 | D53: 0 | E53: 0 | F53: 0 | G53: 0 | H53: 0 | I53: 0 | J53: 0 | K53: 0 | L53: 3 | M53: 0
B54: Consenso (definitiva) | C54: =Malla_2027!E22 -> 0 | D54: =Malla_2027!F22 -> 0 | E54: =Malla_2027!G22 -> 0 | F54: =Malla_2027!H22 -> 0 | G54: =Malla_2027!I22 -> 0 | H54: =Malla_2027!J22 -> 0 | I54: =Malla_2027!K22 -> 0 | J54: =Malla_2027!L22 -> 0 | ... M54: =Malla_2027!O22 -> 0
B55: Diferencia | C55: =C54-C53 -> 0 | D55: =D54-D53 -> 0 | E55: =E54-E53 -> 0 | F55: =F54-F53 -> 0 | G55: =G54-G53 -> 0 | H55: =H54-H53 -> 0 | I55: =I54-I53 -> 0 | J55: =J54-J53 -> 0 | ... M55: =M54-M53 -> 0
A56: Cálculo | B56: Propuesta EICIT v2.2 | C56: 0 | D56: 0 | E56: 0 | F56: 0 | G56: 0 | H56: 0 | I56: 0 | J56: 0 | K56: 0 | L56: 0 | M56: 3
B57: Consenso (definitiva) | C57: =Malla_2027!E23 -> 0 | D57: =Malla_2027!F23 -> 0 | E57: =Malla_2027!G23 -> 0 | F57: =Malla_2027!H23 -> 0 | G57: =Malla_2027!I23 -> 0 | H57: =Malla_2027!J23 -> 0 | I57: =Malla_2027!K23 -> 0 | J57: =Malla_2027!L23 -> 0 | ... M57: =Malla_2027!O23 -> 3
B58: Diferencia | C58: =C57-C56 -> 0 | D58: =D57-D56 -> 0 | E58: =E57-E56 -> 0 | F58: =F57-F56 -> 0 | G58: =G57-G56 -> 0 | H58: =H57-H56 -> 0 | I58: =I57-I56 -> 0 | J58: =J57-J56 -> 0 | ... M58: =M57-M56 -> 0
A59: Tecnología e Informática | B59: Propuesta EICIT v2.2 | C59: 2 | D59: 2 | E59: 2 | F59: 2 | G59: 3 | H59: 3 | I59: 3 | J59: 3 | K59: 3 | L59: 3 | M59: 3
B60: Consenso (definitiva) | C60: =Malla_2027!E24 -> 3 | D60: =Malla_2027!F24 -> 3 | E60: =Malla_2027!G24 -> 3 | F60: =Malla_2027!H24 -> 3 | G60: =Malla_2027!I24 -> 3 | H60: =Malla_2027!J24 -> 3 | I60: =Malla_2027!K24 -> 3 | J60: =Malla_2027!L24 -> 3 | ... M60: =Malla_2027!O24 -> 3
B61: Diferencia | C61: =C60-C59 -> 1 | D61: =D60-D59 -> 1 | E61: =E60-E59 -> 1 | F61: =F60-F59 -> 1 | G61: =G60-G59 -> 0 | H61: =H60-H59 -> 0 | I61: =I60-I59 -> 0 | J61: =J60-J59 -> 0 | ... M61: =M60-M59 -> 0
A62: Sistema Preventivo | B62: Propuesta EICIT v2.2 | C62: 0 | D62: 0 | E62: 0 | F62: 0 | G62: 0 | H62: 0 | I62: 0 | J62: 0 | K62: 1 | L62: 0 | M62: 0
B63: Consenso (definitiva) | C63: =Malla_2027!E25 -> 0 | D63: =Malla_2027!F25 -> 0 | E63: =Malla_2027!G25 -> 0 | F63: =Malla_2027!H25 -> 0 | G63: =Malla_2027!I25 -> 0 | H63: =Malla_2027!J25 -> 0 | I63: =Malla_2027!K25 -> 0 | J63: =Malla_2027!L25 -> 0 | ... M63: =Malla_2027!O25 -> 0
B64: Diferencia | C64: =C63-C62 -> 0 | D64: =D63-D62 -> 0 | E64: =E63-E62 -> 0 | F64: =F63-F62 -> 0 | G64: =G63-G62 -> 0 | H64: =H63-H62 -> 0 | I64: =I63-I62 -> 0 | J64: =J63-J62 -> 0 | ... M64: =M63-M62 -> 0
A65: Infancia Misionera | B65: Propuesta EICIT v2.2 | C65: 0 | D65: 0 | E65: 0 | F65: 0 | G65: 0 | H65: 0 | I65: 0 | J65: 0 | K65: 0 | L65: 0 | M65: 0
B66: Consenso (definitiva) | C66: =Malla_2027!E26 -> 1 | D66: =Malla_2027!F26 -> 1 | E66: =Malla_2027!G26 -> 1 | F66: =Malla_2027!H26 -> 1 | G66: =Malla_2027!I26 -> 1 | H66: =Malla_2027!J26 -> 0 | I66: =Malla_2027!K26 -> 0 | J66: =Malla_2027!L26 -> 0 | ... M66: =Malla_2027!O26 -> 0
B67: Diferencia | C67: =C66-C65 -> 1 | D67: =D66-D65 -> 1 | E67: =E66-E65 -> 1 | F67: =F66-F65 -> 1 | G67: =G66-G65 -> 1 | H67: =H66-H65 -> 0 | I67: =I66-I65 -> 0 | J67: =J66-J65 -> 0 | ... M67: =M66-M65 -> 0
A68: Media técnica: Programación para Analítica de Datos (jornada regular) | B68: Propuesta EICIT v2.2 | C68: 0 | D68: 0 | E68: 0 | F68: 0 | G68: 0 | H68: 0 | I68: 0 | J68: 0 | K68: 0 | L68: 2 | M68: 2
B69: Consenso (definitiva) | C69: =Malla_2027!E27 -> 0 | D69: =Malla_2027!F27 -> 0 | E69: =Malla_2027!G27 -> 0 | F69: =Malla_2027!H27 -> 0 | G69: =Malla_2027!I27 -> 0 | H69: =Malla_2027!J27 -> 0 | I69: =Malla_2027!K27 -> 0 | J69: =Malla_2027!L27 -> 0 | ... M69: =Malla_2027!O27 -> 2
B70: Diferencia | C70: =C69-C68 -> 0 | D70: =D69-D68 -> 0 | E70: =E69-E68 -> 0 | F70: =F69-F68 -> 0 | G70: =G69-G68 -> 0 | H70: =H69-H68 -> 0 | I70: =I69-I68 -> 0 | J70: =J69-J68 -> 0 | ... M70: =M69-M68 -> 0
A71: Media técnica: Programación para Analítica de Datos (jornada extendida) | B71: Propuesta EICIT v2.2 | C71: 0 | D71: 0 | E71: 0 | F71: 0 | G71: 0 | H71: 0 | I71: 0 | J71: 0 | K71: 0 | L71: 2 | M71: 2
B72: Consenso (definitiva) | C72: =Malla_2027!E28 -> 0 | D72: =Malla_2027!F28 -> 0 | E72: =Malla_2027!G28 -> 0 | F72: =Malla_2027!H28 -> 0 | G72: =Malla_2027!I28 -> 0 | H72: =Malla_2027!J28 -> 0 | I72: =Malla_2027!K28 -> 0 | J72: =Malla_2027!L28 -> 0 | ... M72: =Malla_2027!O28 -> 2
B73: Diferencia | C73: =C72-C71 -> 0 | D73: =D72-D71 -> 0 | E73: =E72-E71 -> 0 | F73: =F72-F71 -> 0 | G73: =G72-G71 -> 0 | H73: =H72-H71 -> 0 | I73: =I72-I71 -> 0 | J73: =J72-J71 -> 0 | ... M73: =M72-M71 -> 0
A75: Total propuesta EICIT v2.2 (incluía Pensamiento lógico y Cátedra) | C75: 35 | D75: 35 | E75: 35 | F75: 35 | G75: 35 | H75: 35 | I75: 35 | J75: 35 | K75: 35 | L75: 37 | M75: 37
A76: Total consenso (definitiva) | C76: =Malla_2027!E30 -> 35 | D76: =Malla_2027!F30 -> 35 | E76: =Malla_2027!G30 -> 35 | F76: =Malla_2027!H30 -> 35 | G76: =Malla_2027!I30 -> 35 | H76: =Malla_2027!J30 -> 35 | I76: =Malla_2027!K30 -> 35 | J76: =Malla_2027!L30 -> 35 | ... M76: =Malla_2027!O30 -> 37

Sheet Calidad_Saber11
A1: Saber 11 2023–2025 · lectura de la tendencia y respuesta de la malla
A2: EICIT_CMA_1.5.1 · Versión 3 · consenso del 30 de septiembre de 2026 (acta de consenso, tarea 1.5.1). EICIT propone; el Colegio María Auxiliadora de Soacha delibera, decide y adopta (Consejo Académico → Consejo Directivo → resolución rectoral).
A3: Punto de partida: el Colegio está 42,6 puntos por encima de lo esperado para su contexto (valor agregado) y en el percentil 88 nacional (2025). La tendencia a la baja es una señal temprana para actuar desde esa fortaleza. N ≈ 25 estudiantes por cohorte: leer con prudencia. Fuente: ICFES (reexpuesto por ICFES Analytics), matriz 1.2.4.
A5: Prueba | B5: 2023 | C5: 2024 | D5: 2025 | E5: Δ 2023–2025 | F5: Peso en el global | G5: Aporte a la caída del global (pts) | H5: Proporción de la caída | I5: Sesiones semanales 6°–9° (suma de grados) | J5: Sesiones semanales 10°–11° (suma de grados)
A6: Lectura Crítica | B6: 64.8 | C6: 64.9 | D6: 62.9 | E6: =D6-B6 -> -1.9 | F6: 3 | G6: =5/13*F6*E6 -> -2.1923077 | H6: =G6/$G$11 -> 0.11220472 | I6: =SUM(Malla_2027!J18:M18)+SUM(Malla_2027!J11:M11) -> 20 | J6: =SUM(Malla_2027!N18:O18)+SUM(Malla_2027!N11:O11) -> 12
A7: Matemáticas | B7: 65.6 | C7: 61.9 | D7: 60.3 | E7: =D7-B7 -> -5.3 | F7: 3 | G7: =5/13*F7*E7 -> -6.1153846 | H7: =G7/$G$11 -> 0.31299213 | I7: =SUM(Malla_2027!J20:M20)+SUM(Malla_2027!J21:M21)+SUM(Malla_2027!J22:M22)+SUM(Malla_2027!J23:M23) -> 20 | J7: =SUM(Malla_2027!N20:O20)+SUM(Malla_2027!N21:O21)+SUM(Malla_2027!N22:O22)+SUM(Malla_2027!N23:O23) -> 6
A8: Ciencias Naturales | B8: 63.6 | C8: 62.1 | D8: 59.6 | E8: =D8-B8 -> -4 | F8: 3 | G8: =5/13*F8*E8 -> -4.6153846 | H8: =G8/$G$11 -> 0.23622047 | I8: =SUM(Malla_2027!J6:M6)+SUM(Malla_2027!J7:M7)+SUM(Malla_2027!J8:M8) -> 16 | J8: =SUM(Malla_2027!N6:O6)+SUM(Malla_2027!N7:O7)+SUM(Malla_2027!N8:O8) -> 12
A9: Sociales y Ciudadanas | B9: 63.4 | C9: 60.9 | D9: 58.4 | E9: =D9-B9 -> -5 | F9: 3 | G9: =5/13*F9*E9 -> -5.7692308 | H9: =G9/$G$11 -> 0.29527559 | I9: =SUM(Malla_2027!J9:M9)+SUM(Malla_2027!J10:M10) -> 20 | J9: =SUM(Malla_2027!N9:O9)+SUM(Malla_2027!N10:O10) -> 4
A10: Inglés | B10: 71.4 | C10: 71.9 | D10: 69.2 | E10: =D10-B10 -> -2.2 | F10: 1 | G10: =5/13*F10*E10 -> -0.84615385 | H10: =G10/$G$11 -> 0.043307087 | I10: =SUM(Malla_2027!J19:M19) -> 16 | J10: =SUM(Malla_2027!N19:O19) -> 10
A11: Total / global | G11: =SUM(G6:G10) -> -19.538462 | H11: =SUM(H6:H10) -> 1
A12: Global reportado | B12: 324.6 | C12: 316 | D12: 304.8 | E12: =D12-B12 -> -19.8
A13: Global recalculado con pesos ICFES | B13: =5*SUMPRODUCT(B6:B10,$F$6:$F$10)/13 -> 324.46154 | C13: =5*SUMPRODUCT(C6:C10,$F$6:$F$10)/13 -> 315.88462 | D13: =5*SUMPRODUCT(D6:D10,$F$6:$F$10)/13 -> 304.92308
A14: Lectura: Matemáticas, Sociales y Ciudadanas y Ciencias Naturales explican cerca del 84 % de la caída del puntaje global. El consenso refuerza Matemáticas (5 h) y Sociales (5 h en 6°–9°); en la media, la respuesta es de diseño de los planes (medidas C-01 a C-03). Las sesiones 6°–9° y 10°–11° se toman de la malla definitiva (Física cuenta en Ciencias Naturales porque Saber 11 la evalúa allí; Filosofía, en Lectura Crítica).
A17: Código | B17: Foco | C17: Medida en la malla y en el diseño de los planes
A18: C-01 | B18: Matemáticas (−5,3; 31,3 % de la caída) | C18: Matemáticas y Álgebra suben a 5 h en 1°–9°. En la media: pensamiento aleatorio en Trigonometría y Cálculo; estadística, modelación e interpretación de datos en Tecnología e Informática y en la media técnica.
A19: C-02 | B19: Sociales y Ciudadanas (−5,0; 29,5 % de la caída) | C19: Ciencias Sociales con 5 h en 6°–9° e historia de Colombia integrada; en la media, historia y constitución en Ciencias Económicas y Políticas; competencias ciudadanas en Ética y Valores Humanos.
A20: C-03 | B20: Ciencias Naturales (−4,0; 23,6 % de la caída) | C20: Bloque de Química y Física (6 h) en Ciencias Naturales en 10°–11°; componente biológico y CTS en Química y en el PRAE; proyectos STEM con Tecnología e Informática.
A21: C-04 | B21: Lectura Crítica (−1,9) | C21: Lengua Castellana 5 h en 1°–9° y Filosofía 2 h en la media; lectura de textos discontinuos y argumentativos como desempeño transversal.
A22: C-05 | B22: Inglés (−2,2; fortaleza) | C22: Se conservan 4–5 h.
A23: C-06 | B23: Regla 80/20 en las áreas de mayor peso | C23: Núcleo común (≥ 80 %) formulado sobre las competencias que evalúa Saber 11, con evidencias tipo prueba en cada período; énfasis de innovación (≤ 20 %) integrado a esas competencias. Se verifica con la lista de verificación de calidad.
A24: C-07 | B24: Seguimiento | C24: Metas 2027 del transverso de calidad (matriz 1.2.4), con lectura prudente (N ≈ 25 estudiantes por cohorte).

Sheet Innovacion
A1: Innovación a lo largo de todos los grados
A2: EICIT_CMA_1.5.1 · Versión 3 · consenso del 30 de septiembre de 2026 (acta de consenso, tarea 1.5.1). EICIT propone; el Colegio María Auxiliadora de Soacha delibera, decide y adopta (Consejo Académico → Consejo Directivo → resolución rectoral).
A4: Indicador (sesiones semanales) | B4: T | C4: 1° | D4: 2° | E4: 3° | F4: 4° | G4: 5° | H4: 6° | I4: 7° | J4: 8° | K4: 9° | L4: 10° | M4: 11°
A5: Tecnología e Informática | B5: =Malla_2027!E67 -> 3 | C5: =Malla_2027!E24 -> 3 | D5: =Malla_2027!F24 -> 3 | E5: =Malla_2027!G24 -> 3 | F5: =Malla_2027!H24 -> 3 | G5: =Malla_2027!I24 -> 3 | H5: =Malla_2027!J24 -> 3 | I5: =Malla_2027!K24 -> 3 | J5: =Malla_2027!L24 -> 3 | ... M5: =Malla_2027!O24 -> 3
A6: Media técnica (analítica de datos) | B6: =0 -> 0 | C6: =Malla_2027!E27+Malla_2027!E28 -> 0 | D6: =Malla_2027!F27+Malla_2027!F28 -> 0 | E6: =Malla_2027!G27+Malla_2027!G28 -> 0 | F6: =Malla_2027!H27+Malla_2027!H28 -> 0 | G6: =Malla_2027!I27+Malla_2027!I28 -> 0 | H6: =Malla_2027!J27+Malla_2027!J28 -> 0 | I6: =Malla_2027!K27+Malla_2027!K28 -> 0 | J6: =Malla_2027!L27+Malla_2027!L28 -> 0 | ... M6: =Malla_2027!O27+Malla_2027!O28 -> 4
A7: Espacios propios de innovación | B7: =SUM(B5:B6) -> 3 | C7: =SUM(C5:C6) -> 3 | D7: =SUM(D5:D6) -> 3 | E7: =SUM(E5:E6) -> 3 | F7: =SUM(F5:F6) -> 3 | G7: =SUM(G5:G6) -> 3 | H7: =SUM(H5:H6) -> 3 | I7: =SUM(I5:I6) -> 3 | ... M7: =SUM(M5:M6) -> 7
A8: Proporción del plan semanal | B8: =B7/Malla_2027!E70 -> 0.085714286 | C8: =C7/Malla_2027!E30 -> 0.085714286 | D8: =D7/Malla_2027!F30 -> 0.085714286 | E8: =E7/Malla_2027!G30 -> 0.085714286 | F8: =F7/Malla_2027!H30 -> 0.085714286 | G8: =G7/Malla_2027!I30 -> 0.085714286 | H8: =H7/Malla_2027!J30 -> 0.085714286 | I8: =I7/Malla_2027!K30 -> 0.085714286 | J8: =J7/Malla_2027!L30 -> 0.085714286 | ... M8: =M7/Malla_2027!O30 -> 0.18918919
A9: Tope transversal en las demás asignaturas (20 %) | B9: =ROUNDDOWN((Malla_2027!E70-B7)*Parametros!$C$26,1) -> 6.4 | C9: =ROUNDDOWN((Malla_2027!E30-C7)*Parametros!$C$26,1) -> 6.4 | D9: =ROUNDDOWN((Malla_2027!F30-D7)*Parametros!$C$26,1) -> 6.4 | E9: =ROUNDDOWN((Malla_2027!G30-E7)*Parametros!$C$26,1) -> 6.4 | F9: =ROUNDDOWN((Malla_2027!H30-F7)*Parametros!$C$26,1) -> 6.4 | G9: =ROUNDDOWN((Malla_2027!I30-G7)*Parametros!$C$26,1) -> 6.4 | H9: =ROUNDDOWN((Malla_2027!J30-H7)*Parametros!$C$26,1) -> 6.4 | I9: =ROUNDDOWN((Malla_2027!K30-I7)*Parametros!$C$26,1) -> 6.4 | J9: =ROUNDDOWN((Malla_2027!L30-J7)*Parametros!$C$26,1) -> 6.4 | ... M9: =ROUNDDOWN((Malla_2027!O30-M7)*Parametros!$C$26,1) -> 6
A13: Tramo | B13: Cómo vive la innovación
A14: Transición–3° | B14: Tecnología e Informática (3 h): exploración, pensamiento computacional desconectado, robótica educativa inicial y resolución de problemas por el juego.
A15: 4°–7° | B15: Tecnología e Informática (3 h): programación por bloques, robótica, datos básicos y ciudadanía digital; proyectos STEM por período con Matemáticas y Ciencias.
A16: 8°–9° | B16: Tecnología e Informática (3 h): programación textual, datos y prototipos; antesala explícita de la media técnica.
A17: 10°–11° | B17: Tecnología e Informática (3 h) + media técnica en Programación para Analítica de Datos (4 h): la media técnica cubre programación para analítica; Tecnología aporta IA, ética de los datos y proyectos STEM con Física, Química y Matemáticas.
A18: Todas las asignaturas | B18: Línea transversal de Tecnología e Innovación (Nuevos Patios): hasta 20 % de las sesiones de cada asignatura, integrado a la competencia del período.

Sheet Acuerdos
A1: Acuerdos del consenso del 30 de septiembre de 2026 (acta de consenso, tarea 1.5.1)
A2: EICIT_CMA_1.5.1 · Versión 3 · consenso del 30 de septiembre de 2026 (acta de consenso, tarea 1.5.1). EICIT propone; el Colegio María Auxiliadora de Soacha delibera, decide y adopta (Consejo Académico → Consejo Directivo → resolución rectoral).
A4: Código | B4: Tema | C4: Acuerdo | D4: Implicación para el PEI y los planes | E4: Decisión asociada
A5: A-01 | B5: Malla por horas | C5: Se adopta la malla por horas del consenso del 30 de septiembre de 2026 (hoja Malla_2027). Cada asignatura se registra por separado, con su propio docente. Jornada: 35 sesiones de Transición a 9°; 37 en 10°–11°. | D5: Insumo 1 de los planes de estudio y base del capítulo §3.3 del PEI. | E5: —
A6: A-02 | B6: Física | C6: Se ubica en Ciencias Naturales y Educación Ambiental, con Química, en 10°–11°. | D6: Área de Ciencias Naturales de 6 h en la media; se articula con Química. | E6: D-13
A7: A-03 | B7: Historia | C7: Por la Ley 1874 de 2017, la historia de Colombia se desarrolla como disciplina integrada y reforzada dentro de las ciencias sociales en todos los ciclos, niveles y grados: Ciencias Sociales (1°–9°) y Ciencias Económicas y Políticas (10°–11°). | D7: Componente explícito en los planes de Ciencias Sociales y de Ciencias Económicas y Políticas. | E7: —
A8: A-04 | B8: Competencias ciudadanas | C8: Se desarrollan en Ética y Valores Humanos (1 h en 1°–9°; 2 h en 10°–11°). | D8: Componente explícito en los planes de Ética. | E8: —
A9: A-05 | B9: Hora efectiva | C9: Cada sesión = 55 min de clase + 5 min de descanso pedagógico = 1 hora efectiva de 60 min, para todas las asignaturas (Decreto 1075, art. 2.4.3.1.2, par. 3, modificado por el Decreto 0277 de 2025). | D9: Consignar en el capítulo de jornada escolar del PEI; la Rectoría lo sustenta ante la SEM. | E9: D-14
A10: A-06 | B10: Semanas lectivas | C10: 38 semanas lectivas completas, sin descontar festivos. | D10: Transición–9°: 35 × 38 = 1.330 h. Media: 37 × 38 = 1.406 h. | E10: D-02
A11: A-07 | B11: Media técnica | C11: 4 h semanales de Programación para Analítica de Datos (SENA) en 10°–11°. Frente a 1.480 h del Decreto 0277, la diferencia es de 74 h; la Rectoría la gestiona ante la SEM. | D11: Contingencia: segunda franja de jornada extendida de 2 h → 39 × 38 = 1.482 h. | E11: D-15
A12: A-08 | B12: Cátedra de Educación Emocional | C12: Proyecto pedagógico transversal (Ley 2503 de 2025), con anclaje en Ética, la dirección de grupo y Sistema Preventivo. | D12: Consignar en el PEI como proyecto transversal. | E12: D-06
A13: A-09 | B13: Infancia Misionera | C13: Proyecto pedagógico pastoral de 1 h en Transición–5°. | D13: No requiere plan de estudios. | E13: D-10
A14: A-10 | B14: Planes de estudio | C14: Anexos en desarrollo del PEI. Los docentes elaboran sus planes; EICIT elabora los 12 de Tecnología e Informática (pilotos 6° y 10°), la lista de verificación de calidad y la revisión de un plan por área. | D14: Catálogo de planes (hoja Catalogo_planes). | E14: —

Sheet Transversales
A1: Anclaje de proyectos pedagógicos, cátedras y referentes en la malla
A2: EICIT_CMA_1.5.1 · Versión 3 · consenso del 30 de septiembre de 2026 (acta de consenso, tarea 1.5.1). EICIT propone; el Colegio María Auxiliadora de Soacha delibera, decide y adopta (Consejo Académico → Consejo Directivo → resolución rectoral). Códigos REF según la matriz 1.3.6.
A4: Contenido / mandato | B4: Fuente normativa y referente | C4: Área o asignatura de anclaje | D4: Modalidad
A5: Historia de Colombia | B5: Ley 1874 de 2017; REF-20, REF-21, REF-27 | C5: Ciencias Sociales (1°–9°); Ciencias Económicas y Políticas (10°–11°) | D5: Disciplina integrada y reforzada
A6: Competencias ciudadanas y Cátedra de la Paz | B6: Ley 1732 de 2014; Decreto 1038 de 2015 | C6: Ética y Valores Humanos; Ciencias Sociales | D6: Componente en planes
A7: Cátedra de Educación Emocional | B7: Ley 2503 de 2025; REF-08 | C7: Ética y Valores Humanos; dirección de grupo; Sistema Preventivo (9°) | D7: Proyecto pedagógico transversal
A8: Infancia Misionera | B8: Identidad salesiana; PEI | C8: Transición–5° (1 h) | D8: Proyecto pedagógico pastoral
A9: Competencias socioemocionales y salud mental | B9: Leyes 2491 de 2025, 2383 de 2024, 2460 de 2025; REF-02, REF-07, REF-09, REF-26 | C9: Eje transversal del modelo; Cátedra de Educación Emocional | D9: Transversal
A10: Ciudadanía digital y uso seguro de TIC/IA | B10: Ley 2489 de 2025; Directiva 01 de 2026; Ley 2564 de 2026; REF-10, REF-13, REF-17 | C10: Tecnología e Informática; Ética | D10: Componente en planes
A11: PRAE y gestión del riesgo | B11: Ley 115, art. 14; Leyes 2427 de 2024 y 2563 de 2025; Resolución 006519 de 2025; REF-04, REF-12, REF-14 | C11: Ciencias Naturales; Química; Física | D11: Proyecto transversal
A12: Salud, vida y sexualidad | B12: Ley 115, art. 14; Ley 2511 de 2025; REF-11 | C12: Ciencias Naturales; Educación Física; Ética | D12: Proyecto transversal
A13: Democracia y constitución | B13: Ley 115, art. 14 | C13: Ciencias Sociales; Ciencias Económicas y Políticas; Ética | D13: Proyecto transversal
A14: Tiempo libre y estilos de vida saludable | B14: Ley 115, art. 14; Ley 1355 de 2009 | C14: Educación Física; Educación Artística | D14: Proyecto transversal
A15: Educación artística | B15: Ley 2555 de 2025 (opcional); REF-19 | C15: Artes plásticas; Música; Danzas | D15: Opcional
... A17: Educación inicial | B17: Decreto 2247 de 1997 (compilado); Circular 14 de 2024; REF-15, REF-22 | C17: Dimensiones del desarrollo en Transición | D17: Por dimensiones y experiencias

Sheet Decisiones_CMA
A1: Decisiones que corresponden al Colegio para adoptar la arquitectura
A2: EICIT_CMA_1.5.1 · Versión 3 · consenso del 30 de septiembre de 2026 (acta de consenso, tarea 1.5.1). EICIT propone; el Colegio María Auxiliadora de Soacha delibera, decide y adopta (Consejo Académico → Consejo Directivo → resolución rectoral).
A3: Color de responsable: azul medio = decide el Colegio. Estado: verde = resuelta; amarillo = pendiente; rojo = crítica. La columna «Decisión adoptada» la diligencia el Colegio.
A4: Código | B4: Decisión requerida | C4: Opciones | D4: Recomendación técnica EICIT | E4: Efecto en la malla | F4: Instancia del Colegio | G4: Estado | H4: Decisión adoptada
A5: D-01 | B5: Distribución base. | C5: — | D5: — | E5: — | F5: Coordinación Académica | G5: Resuelta: consenso del 30-sep
A6: D-02 | B6: Calendario 2027. | C6: — | D6: Se conserva como alternativa el calendario de 40 semanas (hoja Calendario_2027_40s). | E6: 35 × 38 = 1.330 h; 37 × 38 = 1.406 h. | F6: Rectoría · Consejo Directivo | G6: Resuelta: 38 semanas completas
A7: D-03 | B7: Bloque de la Normal Superior. | C7: — | D7: — | E7: — | F7: Consejo Académico | G7: Resuelta: retirado
A8: D-04 | B8: Intensidad del componente técnico. | C8: — | D8: Confirmar con el CIDE-SENA. | E8: 4 h en 10°–11°. | F8: Rectoría · Consejo Directivo | G8: Resuelta: 4 h
A9: D-05 | B9: Rebalanceo de la media. | C9: — | D9: Se atiende mediante orientaciones de diseño de los planes. | E9: Sin cambio de horas en la media. | F9: Consejo Académico | G9: Resuelta: no se adopta
A10: D-06 | B10: Holguras de jornada y Cátedra de Educación Emocional. | C10: — | D10: — | E10: Matemáticas y Tecnología e Informática suben de intensidad; la Cátedra es proyecto transversal. | F10: Consejo Académico | G10: Resuelta: consenso
A11: D-07 | B11: Pensamiento lógico y computacional. | C11: — | D11: Se integra a Tecnología e Informática. | E11: No se crea la optativa. | F11: Consejo Académico | G11: Resuelta: integrado a T&I
A12: D-08 | B12: Denominación de asignaturas. | C12: — | D12: — | E12: — | F12: Consejo Académico | G12: Resuelta: asignaturas separadas
A13: D-09 | B13: Tratamiento de la Eucaristía dentro de Educación Religiosa (3 h). | C13: a) 3 h de clase de ERE; Eucaristía fuera del cómputo. b) 1 de las 3 h es celebración. | D13: a). | E13: Horas efectivas de ERE. | F13: Rectoría · Consejo Académico | G13: Pendiente
A14: D-10 | B14: Actividades de 2026 (Infancia Misionera y otras). | C14: — | D14: — | E14: Infancia Misionera: proyecto pastoral de 1 h en T–5°. | F14: Rectoría · Pastoral | G14: Resuelta: consenso
A15: D-11 | B15: Día y franja de la jornada extendida de 10°–11°. | C15: Día, franja y logística. | D15: Preferir miércoles o jueves (sin festivos en semanas lectivas de 2027). | E15: Operativa. | F15: Rectoría · Coordinación Académica | G15: Pendiente
A16: D-12 | B16: Restitución de Ciencias Sociales y Artes. | C16: — | D16: — | E16: Sociales 5 h en 6°–9°; Artes 1 h en 1°–8°. | F16: Consejo Académico | G16: Resuelta: consenso
... A19: D-15 | B19: Brecha de 74 h de la media técnica frente a 1.480 h. | C19: a) Justificación ante la SEM (Rectoría). b) Contingencia: segunda franja de jornada extendida de 2 h (1.482 h). | D19: Tener preparada b) si la SEM no acepta a). | E19: Ninguno con a); +2 h semanales en 10°–11° con b). | F19: Rectoría (gestión ante la SEM) | G19: Pendiente · en gestión
