Workbook

Sheet Instructivo
B1: EICIT · Acompañamiento a la actualización del PEI — ENSMA
B2: Libro de consolidación de fichas — Incorporación de los referentes de la Circular 0064 al PEI
B4: Propósito
B5: Estandarizar el diligenciamiento de todos los grupos y consolidar sus aportes en una sola tabla lista para el ajuste del PEI. Cada fila de la hoja «Fichas» es una ficha (un referente × un ítem del PEI).
B7: Cómo se usa
B8: 1. Las columnas azules vienen precargadas por EICIT desde el semáforo (referente, clasificación, componente sugerido, implicación). No se modifican.
B9: 2. Las columnas doradas las diligencia el grupo, usando las listas desplegables. No se escribe fuera de la lista.
B10: 3. «Correspondencia» avisa si el ítem elegido no pertenece al área elegida.
B11: 4. Si un referente afecta a más de un ítem del PEI, duplique la fila y diligencie una ficha por ítem (regla de atomicidad).
B12: 5. «Redacción propuesta» contiene texto listo para insertar en el PEI, no comentarios (esos van en «Justificación»).
B13: 6. La hoja «Resumen» cuenta el avance automáticamente por área, clasificación y estado.
B15: Reglas clave
... B22: No se incluyen los 2 referentes clasificados «No aplica» en el semáforo (Circular 25 y Ley 2507). Encuadre: EICIT propone y estandariza; la ENSMA diligencia, delibera, decide y adopta.

Sheet Fichas
A1: ID | B1: Referente | C1: Tipo | D1: Año | E1: Clasificación | F1: Aplica | G1: Componente sugerido (semáforo) | H1: Implicación inicial (semáforo) | I1: Área de gestión | J1: Ítem del PEI | K1: Correspondencia | L1: Ubicación en el PEI vigente | M1: Tipo de incorporación | N1: Redacción propuesta (texto para insertar) | O1: Justificación breve | P1: Instancia de decisión | Q1: Grupo responsable | R1: Fecha | S1: Estado
A2: REF-01 | B2: Decreto 459 | C2: Decreto | D2: 2024 | E2: Obligatorio | F2: Sí | G2: Directiva · Gobierno Escolar · Comunidad | H2: Formalizar participación de familias; enlazar Gobierno Escolar y Escuela de Padres. | K2: =IF($I2="","",IF($J2="","",IF(IFERROR(VLOOKUP($J2,Listas!$G$2:$H$28,2,0),"")=$I2,"OK","Revisar área/ítem")))
A3: REF-02 | B3: Ley 2383 | C3: Ley | D3: 2024 | E3: Obligatorio | F3: Sí | G3: Académica · Modelo pedagógico | H3: Anclar componente socioemocional transversal (ver Ley 2491). | K3: =IF($I3="","",IF($J3="","",IF(IFERROR(VLOOKUP($J3,Listas!$G$2:$H$28,2,0),"")=$I3,"OK","Revisar área/ítem")))
A4: REF-03 | B4: Ley 2394 | C4: Ley | D4: 2024 | E4: Obligatorio | F4: Sí | G4: Comunidad · Convivencia · SIEE | H4: Ajustar Manual de Convivencia y SIEE (permanencia, no discriminación). | K4: =IF($I4="","",IF($J4="","",IF(IFERROR(VLOOKUP($J4,Listas!$G$2:$H$28,2,0),"")=$I4,"OK","Revisar área/ítem")))
A5: REF-04 | B5: Ley 2427 | C5: Ley | D5: 2024 | E5: Obligatorio | F5: Sí | G5: Académica · PRAE · Comunidad | H5: Fortalecer PRAE e integrar GRD (enlaza Resolución 006519). | K5: =IF($I5="","",IF($J5="","",IF(IFERROR(VLOOKUP($J5,Listas!$G$2:$H$28,2,0),"")=$I5,"OK","Revisar área/ítem")))
A6: REF-05 | B6: Ley 2414 | C6: Ley | D6: 2024 | E6: Obligatorio | F6: Sí | G6: Comunidad · Convivencia | H6: Integrar al componente socioemocional y al Manual de Convivencia. | K6: =IF($I6="","",IF($J6="","",IF(IFERROR(VLOOKUP($J6,Listas!$G$2:$H$28,2,0),"")=$I6,"OK","Revisar área/ítem")))
A7: REF-06 | B7: Ley 2420 | C7: Ley | D7: 2024 | E7: Obligatorio | F7: Sí | G7: Académica · SIEE | H7: Prever nivelación en SIEE y planes de mejoramiento. | K7: =IF($I7="","",IF($J7="","",IF(IFERROR(VLOOKUP($J7,Listas!$G$2:$H$28,2,0),"")=$I7,"OK","Revisar área/ítem")))
A8: REF-07 | B8: Ley 2491 ★ | C8: Ley | D8: 2025 | E8: Obligatorio | F8: Sí | G8: Horizonte · Modelo pedagógico · Plan de estudios | H8: Crear el componente socioemocional del PEI que integra 2383, 2414, 2503, 2460, 2564. | K8: =IF($I8="","",IF($J8="","",IF(IFERROR(VLOOKUP($J8,Listas!$G$2:$H$28,2,0),"")=$I8,"OK","Revisar área/ítem")))
A9: REF-08 | B9: Ley 2503 | C9: Ley | D9: 2025 | E9: Obligatorio | F9: Sí | G9: Académica · Plan de estudios | H9: Incorporar la cátedra al plan de estudios o transversalizarla. | K9: =IF($I9="","",IF($J9="","",IF(IFERROR(VLOOKUP($J9,Listas!$G$2:$H$28,2,0),"")=$I9,"OK","Revisar área/ítem")))
A10: REF-09 | B10: Ley 2460 | C10: Ley | D10: 2025 | E10: Obligatorio | F10: Sí | G10: Comunidad · Orientación | H10: Integrar salud mental al componente socioemocional y a orientación. | K10: =IF($I10="","",IF($J10="","",IF(IFERROR(VLOOKUP($J10,Listas!$G$2:$H$28,2,0),"")=$I10,"OK","Revisar área/ítem")))
A11: REF-10 | B11: Ley 2489 | C11: Ley | D11: 2025 | E11: Obligatorio | F11: Sí | G11: Académica · Convivencia · Eje TIC | H11: Ciudadanía digital en currículo y convivencia; enlaza EJE TIC. | K11: =IF($I11="","",IF($J11="","",IF(IFERROR(VLOOKUP($J11,Listas!$G$2:$H$28,2,0),"")=$I11,"OK","Revisar área/ítem")))
A12: REF-11 | B12: Ley 2511 | C12: Ley | D12: 2025 | E12: Obligatorio | F12: Sí | G12: Académica · Proyectos transversales | H12: Transversalizar educación para la salud y la vida. | K12: =IF($I12="","",IF($J12="","",IF(IFERROR(VLOOKUP($J12,Listas!$G$2:$H$28,2,0),"")=$I12,"OK","Revisar área/ítem")))
A13: REF-12 | B13: Ley 2563 | C13: Ley | D13: 2025 | E13: Obligatorio | F13: Sí | G13: Académica · PRAE | H13: Actualizar el PRAE (bienestar animal, biodiversidad). | K13: =IF($I13="","",IF($J13="","",IF(IFERROR(VLOOKUP($J13,Listas!$G$2:$H$28,2,0),"")=$I13,"OK","Revisar área/ítem")))
... A32: REF-31 | B32: Guía del Plan Escolar de Gestión del Riesgo (PEGR) | C32: Guía | D32: s. f. | E32: Recomendado | F32: Sí | G32: Directiva · PEGR | H32: Elaborar/actualizar el PEGR institucional. | K32: =IF($I32="","",IF($J32="","",IF(IFERROR(VLOOKUP($J32,Listas!$G$2:$H$28,2,0),"")=$I32,"OK","Revisar área/ítem")))
K33: =IF($I33="","",IF($J33="","",IF(IFERROR(VLOOKUP($J33,Listas!$G$2:$H$28,2,0),"")=$I33,"OK","Revisar área/ítem")))
K34: =IF($I34="","",IF($J34="","",IF(IFERROR(VLOOKUP($J34,Listas!$G$2:$H$28,2,0),"")=$I34,"OK","Revisar área/ítem")))
K35: =IF($I35="","",IF($J35="","",IF(IFERROR(VLOOKUP($J35,Listas!$G$2:$H$28,2,0),"")=$I35,"OK","Revisar área/ítem")))
K36: =IF($I36="","",IF($J36="","",IF(IFERROR(VLOOKUP($J36,Listas!$G$2:$H$28,2,0),"")=$I36,"OK","Revisar área/ítem")))
K37: =IF($I37="","",IF($J37="","",IF(IFERROR(VLOOKUP($J37,Listas!$G$2:$H$28,2,0),"")=$I37,"OK","Revisar área/ítem")))
K38: =IF($I38="","",IF($J38="","",IF(IFERROR(VLOOKUP($J38,Listas!$G$2:$H$28,2,0),"")=$I38,"OK","Revisar área/ítem")))
K39: =IF($I39="","",IF($J39="","",IF(IFERROR(VLOOKUP($J39,Listas!$G$2:$H$28,2,0),"")=$I39,"OK","Revisar área/ítem")))
K40: =IF($I40="","",IF($J40="","",IF(IFERROR(VLOOKUP($J40,Listas!$G$2:$H$28,2,0),"")=$I40,"OK","Revisar área/ítem")))
K41: =IF($I41="","",IF($J41="","",IF(IFERROR(VLOOKUP($J41,Listas!$G$2:$H$28,2,0),"")=$I41,"OK","Revisar área/ítem")))
K42: =IF($I42="","",IF($J42="","",IF(IFERROR(VLOOKUP($J42,Listas!$G$2:$H$28,2,0),"")=$I42,"OK","Revisar área/ítem")))
K43: =IF($I43="","",IF($J43="","",IF(IFERROR(VLOOKUP($J43,Listas!$G$2:$H$28,2,0),"")=$I43,"OK","Revisar área/ítem")))
K44: =IF($I44="","",IF($J44="","",IF(IFERROR(VLOOKUP($J44,Listas!$G$2:$H$28,2,0),"")=$I44,"OK","Revisar área/ítem")))
... K80: =IF($I80="","",IF($J80="","",IF(IFERROR(VLOOKUP($J80,Listas!$G$2:$H$28,2,0),"")=$I80,"OK","Revisar área/ítem")))

Sheet Resumen
B2: Tablero de consolidación
B3: Se actualiza solo al diligenciar la hoja «Fichas».
B5: Totales | E5: Por área de gestión
B6: Fichas registradas | C6: =COUNTA(Fichas!$B$2:Fichas!$B$200) | E6: Gestión Directiva | F6: =COUNTIF(Fichas!$I:$I,"Gestión Directiva")
B7: Con redacción propuesta | C7: =COUNTA(Fichas!$N$2:Fichas!$N$200) | E7: Gestión Académica | F7: =COUNTIF(Fichas!$I:$I,"Gestión Académica")
B8: Avaladas por coordinación | C8: =COUNTIF(Fichas!$S:$S,"Avalado por coordinación") | E8: Gestión de la Comunidad | F8: =COUNTIF(Fichas!$I:$I,"Gestión de la Comunidad")
B9: Correspondencias a revisar | C9: =COUNTIF(Fichas!$K:$K,"Revisar*") | E9: Gestión Administrativa y Financiera | F9: =COUNTIF(Fichas!$I:$I,"Gestión Administrativa y Financiera")
E10: Sin asignar área | F10: =COUNTA(Fichas!$B$2:Fichas!$B$200)-SUMPRODUCT(COUNTIF(Fichas!$I:$I,Listas!$A$2:$A$5))
B11: Por clasificación
B12: Obligatorio | C12: =COUNTIF(Fichas!$E:$E,"Obligatorio")
B13: Recomendado | C13: =COUNTIF(Fichas!$E:$E,"Recomendado")
B15: Por estado
B16: Borrador | C16: =COUNTIF(Fichas!$S:$S,"Borrador")
B17: Revisado por el grupo | C17: =COUNTIF(Fichas!$S:$S,"Revisado por el grupo")
B18: Avalado por coordinación | C18: =COUNTIF(Fichas!$S:$S,"Avalado por coordinación")

Sheet Listas
A1: Áreas | C1: Tipo de incorporación | D1: Instancia | E1: Estado | F1: Clasificación | G1: Ítem | H1: Área (mapa)
A2: Gestión Directiva | C2: Ajustar texto existente | D2: No requiere | E2: Borrador | F2: Obligatorio | G2: Identidad institucional | H2: Gestión Directiva
A3: Gestión Académica | C3: Crear apartado nuevo | D3: Consejo Académico | E3: Revisado por el grupo | F3: Recomendado | G3: Caracterización institucional | H3: Gestión Directiva
A4: Gestión de la Comunidad | C4: Incorporar referencia normativa | D4: Consejo Directivo | E4: Avalado por coordinación | G4: Filosofía o fundamentos del PEI | H4: Gestión Directiva
A5: Gestión Administrativa y Financiera | C5: Enlazar documento anexo | D5: Rectoría | G5: Horizonte institucional | H5: Gestión Directiva
C6: Sin cambios (ya contemplado) | G6: Políticas institucionales | H6: Gestión Directiva
C7: Remitir a otro ítem | G7: Objetivos del PEI | H7: Gestión Directiva
G8: Metas del PEI | H8: Gestión Directiva
G9: Lineamientos de la propuesta pedagógica y curricular | H9: Gestión Académica
G10: Modelo y/o enfoque pedagógico | H10: Gestión Académica
G11: Planes de estudios | H11: Gestión Académica
G12: Proyectos pedagógicos transversales y cátedras | H12: Gestión Académica
G13: Sistema Institucional de Evaluación de Estudiantes (SIEE) | H13: Gestión Académica
G14: Gobierno escolar | H14: Gestión de la Comunidad
G15: Instancias de participación | H15: Gestión de la Comunidad
G16: Manual de convivencia | H16: Gestión de la Comunidad
G17: Procesos de articulación (convenios, programas, alianzas) | H17: Gestión de la Comunidad
G18: Servicio social estudiantil (SSEO) | H18: Gestión de la Comunidad
G19: Alianza familia-escuela | H19: Gestión de la Comunidad
... G28: Servicios adicionales y complementarios | H28: Gestión Administrativa y Financiera
