Workbook

Sheet Instructivo
B1: EICIT · Acompañamiento a la actualización del PEI — ENSMA
B2: Libro de consolidación de fichas — Incorporación de los referentes de la Circular 0064 al PEI
B3: Estado de este libro (sep. 2026): prellenado por EICIT IA como PROPUESTA de incorporación de los 33 referentes de la Circular 0064 de 2026 (31 filas; los 2 «No aplica» se documentan aparte). Insumo interno de EICIT para la redacción del PEI ajustado del Colegio María Auxiliadora de Soacha. La deliberación, decisión y adopción corresponden a la ENSMA/CMA (Consejo Académico → Consejo Directivo → Rectoría). La columna «Ubicación en el PEI vigente» se ancla a la estructura de la plantilla SEM; los folios exactos se confirman en el inventario general.
B4: Propósito
B5: Estandarizar el diligenciamiento de todos los grupos y consolidar sus aportes en una sola tabla lista para el ajuste del PEI. Cada fila de la hoja «Fichas» es una ficha (un referente × un ítem del PEI).
B7: Cómo se usa
B8: 1. Las columnas azules vienen precargadas por EICIT desde el semáforo (referente, clasificación, componente sugerido, implicación). No se modifican.
B9: 2. Las columnas doradas las diligencia el grupo, usando las listas desplegables. No se escribe fuera de la lista.
B10: 3. «Correspondencia» avisa si el ítem elegido no pertenece al área elegida.
B11: 4. Si un referente afecta a más de un ítem del PEI, duplique la fila y diligencie una ficha por ítem (regla de atomicidad).
B12: 5. «Redacción propuesta» contiene texto listo para insertar en el PEI, no comentarios (esos van en «Justificación»).
B13: 6. La hoja «Resumen» cuenta el avance automáticamente por área, clasificación y estado.
... B22: No se incluyen los 2 referentes clasificados «No aplica» en el semáforo (Circular 25 y Ley 2507). Encuadre: EICIT propone y estandariza; la ENSMA diligencia, delibera, decide y adopta.

Sheet Fichas
A1: ID | B1: Referente | C1: Tipo | D1: Año | E1: Clasificación | F1: Aplica | G1: Componente sugerido (semáforo) | H1: Implicación inicial (semáforo) | I1: Área de gestión | J1: Ítem del PEI | K1: Correspondencia | L1: Ubicación en el PEI vigente | M1: Tipo de incorporación | N1: Redacción propuesta (texto para insertar) | O1: Justificación breve | P1: Instancia de decisión | Q1: Grupo responsable | R1: Fecha | S1: Estado | T1: Checklist (no perder de vista)
A2: REF-01 | B2: Decreto 459 | C2: Decreto | D2: 2024 | E2: Obligatorio | F2: Sí | G2: Directiva · Gobierno Escolar · Comunidad | H2: Formalizar participación de familias; enlazar Gobierno Escolar y Escuela de Padres. | I2: Gestión de la Comunidad | J2: Alianza familia-escuela | K2: =IF($I2="","",IF($J2="","",IF(IFERROR(VLOOKUP($J2,Listas!$G$2:$H$28,2,0),"")=$I2,"OK","Revisar área/ítem"))) -> OK | L2: Gestión de la Comunidad · Alianza familia-escuela — apartado nuevo (folio por confirmar) | M2: Crear apartado nuevo | N2: En cumplimiento del Decreto 459 de 2024, el Colegio María Auxiliadora de Soacha formaliza la participación de las familias en el diseño, la ejecución y la evaluación de su Proyecto Educativo Institucional y en la buena marcha del establecimiento. Para ello adopta la Alianza Familias-Escuela como proceso propio, con una ruta metodológica y un plan de acción anual concertado, y desarrolla la Escuela para Familias, Madres, Padres y Cuidadores como su herramienta formativa. Esta alianza expresa el espíritu de comunidad educativa propio de la tradición salesiana y se articula con el Gobierno Escolar y el comité escolar de convivencia. | O2: Decreto 459/2024, reglamentario (arts. 2.3.4.1.1.1 y ss. del Decreto 1075); Ley 2025/2020 (Escuela para Familias). Secundarios: Gobierno escolar, Instancias de participación, Manual. | P2: Consejo Directivo | Q2: EICIT IA | R2: 46280 | S2: Borrador | T2: Participación de familias en diseño/ejecución/evaluación del PEI · adoptar la Alianza con ruta metodológica y plan de acción anual · Escuela para Familias con temáticas · articular con Gobierno Escolar y comité de convivencia
A3: REF-02 | B3: Ley 2383 | C3: Ley | D3: 2024 | E3: Obligatorio | F3: Sí | G3: Académica · Modelo pedagógico | H3: Anclar componente socioemocional transversal (ver Ley 2491). | I3: Gestión Académica | J3: Modelo y/o enfoque pedagógico | K3: =IF($I3="","",IF($J3="","",IF(IFERROR(VLOOKUP($J3,Listas!$G$2:$H$28,2,0),"")=$I3,"OK","Revisar área/ítem"))) -> OK | L3: Gestión Académica · Modelo y/o enfoque pedagógico (folio por confirmar) | M3: Remitir a otro ítem | N3: En desarrollo de la Ley 2383 de 2024, el Colegio María Auxiliadora de Soacha promueve la educación socioemocional de manera transversal en todos los niveles, del preescolar a la media, como expresión del desarrollo integral que inspira el Sistema Preventivo salesiano. Esta formación se implementa con la participación activa de docentes, directivos y familias, y contempla un seguimiento y una evaluación periódicos de su avance, articulándose con el componente de competencias socioemocionales del modelo pedagógico para evitar abordajes fragmentados. | O3: Ley 2383/2024, arts. 1 y 3. Clúster socioemocional: se responde de forma integrada con REF-07 (Ley 2491); aporta la participación de las familias y el seguimiento. | P3: Consejo Académico | Q3: EICIT IA | R3: 46280 | S3: Borrador | T3: Eje transversal (no asignatura aislada) · vincular a las familias · seguimiento y evaluación
A4: REF-03 | B4: Ley 2394 | C4: Ley | D4: 2024 | E4: Obligatorio | F4: Sí | G4: Comunidad · Convivencia · SIEE | H4: Ajustar Manual de Convivencia y SIEE (permanencia, no discriminación). | I4: Gestión de la Comunidad | J4: Manual de convivencia | K4: =IF($I4="","",IF($J4="","",IF(IFERROR(VLOOKUP($J4,Listas!$G$2:$H$28,2,0),"")=$I4,"OK","Revisar área/ítem"))) -> OK | L4: Gestión de la Comunidad · Manual de convivencia + SIEE (dos capas) — folio por confirmar | M4: Ajustar texto existente | N4: [Capa 1 — Manual de Convivencia, cláusula paraguas] El Colegio María Auxiliadora de Soacha, fiel a su vocación de acogida y acompañamiento, garantiza el derecho a la educación y la permanencia de todos sus estudiantes, sin discriminación por razones de salud o por situaciones personales de carácter transitorio. Ninguna de estas circunstancias podrá dar lugar a la negación del cupo, la suspensión o la exclusión; en tales casos la institución activa sus rutas de acompañamiento y los ajustes académicos razonables previstos en su Sistema Institucional de Evaluación. [Capa 2 — SIEE/protocolo, texto técnico] Como parte de sus ajustes razonables, la institución contempla un plan de flexibilización académica para estudiantes en estado de gestación, en periodo de lactancia y para estudiantes en licencia de paternidad, que incluye la adecuación de tiempos, formas y fechas de las actividades y evaluaciones y, cuando la situación lo requiera, la continuidad del proceso mediante medios virtuales o remotos (Ley 2394 de 2024). | O4: Ley 2394/2024, arts. 2–5. Enfoque de DOS CAPAS: cláusula paraguas sobria en el Manual (aquí) + plan de flexibilización nombrado con precisión en el SIEE/protocolo (Consejo Académico). Criterio validado con Rectoría: se modula la ubicación y el tono, NO el contenido garantizado (acceso, permanencia, no sanción, flexibilización). Cumplimiento vigilado por la SEM de Soacha. | P4: Consejo Directivo | Q4: EICIT IA | R4: 46280 | S4: Borrador | T4: Cláusula paraguas de permanencia y no discriminación en el Manual · plan de flexibilización académica en el SIEE (ajustes razonables, evaluación flexible, modalidad remota) · prohibición expresa de sanciones por el estado
A5: REF-04 | B5: Ley 2427 | C5: Ley | D5: 2024 | E5: Obligatorio | F5: Sí | G5: Académica · PRAE · Comunidad | H5: Fortalecer PRAE e integrar GRD (enlaza Resolución 006519). | I5: Gestión Académica | J5: Proyectos pedagógicos transversales y cátedras | K5: =IF($I5="","",IF($J5="","",IF(IFERROR(VLOOKUP($J5,Listas!$G$2:$H$28,2,0),"")=$I5,"OK","Revisar área/ítem"))) -> OK | L5: Gestión Académica · Proyectos transversales (PRAE) — folio por confirmar | M5: Ajustar texto existente | N5: En cumplimiento de la Ley 2427 de 2024, el Colegio María Auxiliadora de Soacha actualiza su Proyecto Ambiental Escolar (PRAE) para integrar la formación en sostenibilidad ambiental, cambio climático y gestión del riesgo, reflejándola en el plan de estudios conforme a la modificación del artículo 79 de la Ley 115 de 1994. Este esfuerzo se articula con el Plan Escolar de Gestión del Riesgo y con el cuidado de la casa común, en sintonía con la sensibilidad ecológica que la tradición eclesial y salesiana promueve. | O5: Ley 2427/2024, arts. 1, 3 y 7 (modifica el par. del art. 79 de la Ley 115). Secundarios: Planes de estudios, PEGR. Concurre con REF-12 y REF-14. | P5: Consejo Directivo | Q5: EICIT IA | R5: 46280 | S5: Borrador | T5: Fortalecer el PRAE (sostenibilidad, cambio climático, GRD) · reflejar en plan de estudios (art. 79 Ley 115 modif.) · articular con PEGR · opción de invitar actores externos
A6: REF-05 | B6: Ley 2414 | C6: Ley | D6: 2024 | E6: Obligatorio | F6: Sí | G6: Comunidad · Convivencia | H6: Integrar al componente socioemocional y al Manual de Convivencia. | I6: Gestión de la Comunidad | J6: Manual de convivencia | K6: =IF($I6="","",IF($J6="","",IF(IFERROR(VLOOKUP($J6,Listas!$G$2:$H$28,2,0),"")=$I6,"OK","Revisar área/ítem"))) -> OK | L6: Gestión de la Comunidad · Manual de convivencia — folio por confirmar | M6: Ajustar texto existente | N6: Conforme a la Ley 2414 de 2024, la institución fortalece la formación en convivencia escolar como parte de su Manual de Convivencia y de su apuesta socioemocional, orientada a construir relaciones fundadas en el respeto, la amabilidad y el cuidado mutuo. Esta formación se hace pública a la comunidad educativa durante la semana de desarrollo institucional, favoreciendo su apropiación por estudiantes, docentes y familias. | O6: Ley 2414/2024, arts. 1–2. Clúster socioemocional/convivencia (remite parcialmente a REF-07). Secundario: Modelo pedagógico. | P6: Consejo Directivo | Q6: EICIT IA | R6: 46280 | S6: Borrador | T6: Incluir formación en convivencia en el PEI · socializarla en la semana de desarrollo institucional · articular con Manual y socioemocional
A7: REF-06 | B7: Ley 2420 | C7: Ley | D7: 2024 | E7: Obligatorio | F7: Sí | G7: Académica · SIEE | H7: Prever nivelación en SIEE y planes de mejoramiento. | I7: Gestión Académica | J7: Sistema Institucional de Evaluación de Estudiantes (SIEE) | K7: =IF($I7="","",IF($J7="","",IF(IFERROR(VLOOKUP($J7,Listas!$G$2:$H$28,2,0),"")=$I7,"OK","Revisar área/ítem"))) -> OK | L7: Gestión Académica · SIEE — folio por confirmar | M7: Ajustar texto existente | N7: En desarrollo de la Ley 2420 de 2024, la institución incorpora a su Sistema Institucional de Evaluación de los Estudiantes estrategias de nivelación escolar orientadas a superar los rezagos de aprendizaje, con planes de apoyo y acompañamiento que aseguran la continuidad y el éxito académico de cada estudiante. Estas estrategias expresan la atención personalizada característica del acompañamiento salesiano. | O7: Ley 2420/2024, arts. 1–2 y 4. Secundarios: Planes de estudios, Lineamientos de la propuesta pedagógica. | P7: Consejo Académico | Q7: EICIT IA | R7: 46280 | S7: Borrador | T7: Estrategias de nivelación en PEI y currículo · reflejarlas en el SIEE (planes de apoyo) · enfoque de calidad y atención al rezago
A8: REF-07 | B8: Ley 2491 ★ | C8: Ley | D8: 2025 | E8: Obligatorio | F8: Sí | G8: Horizonte · Modelo pedagógico · Plan de estudios | H8: Crear el componente socioemocional del PEI que integra 2383, 2414, 2503, 2460, 2564. | I8: Gestión Académica | J8: Modelo y/o enfoque pedagógico | K8: =IF($I8="","",IF($J8="","",IF(IFERROR(VLOOKUP($J8,Listas!$G$2:$H$28,2,0),"")=$I8,"OK","Revisar área/ítem"))) -> OK | L8: Gestión Académica · Modelo y/o enfoque pedagógico — apartado nuevo (folio por confirmar) | M8: Crear apartado nuevo | N8: El Colegio María Auxiliadora de Soacha incorpora el componente de competencias socioemocionales como eje transversal de su modelo pedagógico, en desarrollo de la Ley 2491 de 2025 y en plena coherencia con el Sistema Preventivo salesiano (razón, religión y amabilidad). El componente se organiza en torno a seis competencias —consciencia emocional, autonomía emocional, regulación emocional, habilidades sociales, habilidades para la vida y el bienestar, y cultura del autocuidado y prevención en salud mental—, desarrolladas de forma gradual y en secuencia por ciclos, desde preescolar hasta la media. Su implementación respeta la libertad de cultos y creencias y requiere el consentimiento informado de las familias en los procesos de acompañamiento psicosocial. La institución integra la educación emocional en la formación de sus docentes y evalúa estas competencias dentro de su autoevaluación institucional. | O8: Ley 2491/2025, arts. 1–5 (art. 5, PAR 5: seis competencias). NORMA KEYSTONE del clúster socioemocional (absorbe REF-02, 05, 08, 09). Secundarios: Planes de estudios, Proyectos transversales, SIEE, Manual, Actualización y capacitación. Ruta: Consejo Académico → Consejo Directivo. | P8: Consejo Directivo | Q8: EICIT IA | R8: 46280 | S8: Borrador | T8: Componente socioemocional transversal · 6 competencias en progresión por ciclos · formación docente en educación emocional · inclusión en autoevaluación · consentimiento informado + libertad de cultos
A9: REF-08 | B9: Ley 2503 | C9: Ley | D9: 2025 | E9: Obligatorio | F9: Sí | G9: Académica · Plan de estudios | H9: Incorporar la cátedra al plan de estudios o transversalizarla. | I9: Gestión Académica | J9: Proyectos pedagógicos transversales y cátedras | K9: =IF($I9="","",IF($J9="","",IF(IFERROR(VLOOKUP($J9,Listas!$G$2:$H$28,2,0),"")=$I9,"OK","Revisar área/ítem"))) -> OK | L9: Gestión Académica · Proyectos transversales y cátedras — apartado nuevo (folio por confirmar) | M9: Crear apartado nuevo | N9: En cumplimiento de la Ley 2503 de 2025, el Colegio María Auxiliadora de Soacha implementa la Cátedra de Educación Emocional en los niveles de preescolar, básica y media, articulada a su componente socioemocional y a su modelo pedagógico. Su desarrollo se acompaña de la formación de los docentes en educación emocional y respeta plenamente el derecho de las familias a orientar la formación de sus hijos conforme a sus convicciones filosóficas, éticas, morales o religiosas, en coherencia con la identidad católica y salesiana de la institución. | O9: Ley 2503/2025, arts. 1 y 4 (objeción de conciencia de las familias). Integra con REF-07. Secundarios: Modelo, Actualización y capacitación, Manual. | P9: Consejo Directivo | Q9: EICIT IA | R9: 46280 | S9: Borrador | T9: Crear la Cátedra articulada al modelo/plan · capacitación docente · respetar la objeción de conciencia familiar (art. 4) · integrar con lo socioemocional
A10: REF-09 | B10: Ley 2460 | C10: Ley | D10: 2025 | E10: Obligatorio | F10: Sí | G10: Comunidad · Orientación | H10: Integrar salud mental al componente socioemocional y a orientación. | I10: Gestión Académica | J10: Proyectos pedagógicos transversales y cátedras | K10: =IF($I10="","",IF($J10="","",IF(IFERROR(VLOOKUP($J10,Listas!$G$2:$H$28,2,0),"")=$I10,"OK","Revisar área/ítem"))) -> OK | L10: Gestión Académica · Proyectos transversales (orientación/salud mental) — folio por confirmar | M10: Remitir a otro ítem | N10: En el marco de la Ley 2460 de 2025 —que actualiza la Ley 1616 de 2013—, la institución incorpora a su servicio de orientación escolar la promoción de la salud mental y la prevención de los trastornos mentales, como parte del cuidado integral de la persona. Estas acciones se articulan con el componente socioemocional y con las entidades de salud del territorio, garantizando rutas de acompañamiento oportunas para los estudiantes y sus familias. | O10: Ley 2460/2025 (modifica Ley 1616/2013), art. 4. Remite al clúster socioemocional (REF-07). Secundario: Alianza familia-escuela. | P10: Consejo Académico | Q10: EICIT IA | R10: 46280 | S10: Borrador | T10: Rutas de promoción de salud mental y prevención en orientación escolar · articular con orientación y entidades de salud · enlazar con socioemocional y Cátedra
A11: REF-10 | B11: Ley 2489 | C11: Ley | D11: 2025 | E11: Obligatorio | F11: Sí | G11: Académica · Convivencia · Eje TIC | H11: Ciudadanía digital en currículo y convivencia; enlaza EJE TIC. | I11: Gestión Académica | J11: Planes de estudios | K11: =IF($I11="","",IF($J11="","",IF(IFERROR(VLOOKUP($J11,Listas!$G$2:$H$28,2,0),"")=$I11,"OK","Revisar área/ítem"))) -> OK | L11: Gestión Académica · Planes de estudios (ciudadanía digital) — apartado nuevo (folio por confirmar) | M11: Crear apartado nuevo | N11: En desarrollo de la Ley 2489 de 2025, el Colegio María Auxiliadora de Soacha incorpora la ciudadanía digital como competencia transversal de su plan de estudios, integrando competencias tecnológicas, ciudadanas y socioemocionales orientadas al uso sano, seguro y responsable de los entornos digitales. Esta apuesta se articula con el eje de innovación institucional —los «Nuevos Patios» como extensión del Patio salesiano al entorno digital— e incluye estrategias de prevención de riesgos en línea, promoción de hábitos saludables frente a la tecnología y talleres de acompañamiento a las familias, en el marco de la corresponsabilidad y del Sistema Preventivo. | O11: Ley 2489/2025, art. 6 y PAR 2. Respaldo legal directo del eje de innovación / ciudadanía digital. Secundarios: Proyectos transversales, Modelo (eje TIC), Manual, Alianza. | P11: Consejo Directivo | Q11: EICIT IA | R11: 46280 | S11: Borrador | T11: Ciudadanía digital como competencia transversal · prevención de riesgos en línea y hábitos saludables · talleres para familias · anclaje en los Nuevos Patios
A12: REF-11 | B12: Ley 2511 | C12: Ley | D12: 2025 | E12: Obligatorio | F12: Sí | G12: Académica · Proyectos transversales | H12: Transversalizar educación para la salud y la vida. | I12: Gestión Académica | J12: Proyectos pedagógicos transversales y cátedras | K12: =IF($I12="","",IF($J12="","",IF(IFERROR(VLOOKUP($J12,Listas!$G$2:$H$28,2,0),"")=$I12,"OK","Revisar área/ítem"))) -> OK | L12: Gestión Académica · Proyectos transversales (salud y vida) — apartado nuevo (folio por confirmar) | M12: Crear apartado nuevo | N12: Atendiendo la Ley 2511 de 2025, el Colegio María Auxiliadora de Soacha articula un proyecto transversal de educación para la salud y la vida que integra el cuidado de la salud mental y la educación para la sexualidad, en el marco del desarrollo integral y desde una perspectiva respetuosa de la identidad institucional. El proyecto contempla la capacitación de los docentes en el abordaje de la salud mental y la debida información a la comunidad educativa. | O12: Ley 2511/2025, art. 7 y par. (capítulo especial de salud mental y educación sexual). Concurre con el clúster socioemocional. Secundarios: Modelo, Actualización y capacitación. | P12: Consejo Académico | Q12: EICIT IA | R12: 46280 | S12: Borrador | T12: Proyecto transversal de educación para la salud y la vida (salud mental + PESCC) · ajustar el PEI a la política · capacitación docente en salud mental · informar a la comunidad
A13: REF-12 | B13: Ley 2563 | C13: Ley | D13: 2025 | E13: Obligatorio | F13: Sí | G13: Académica · PRAE | H13: Actualizar el PRAE (bienestar animal, biodiversidad). | I13: Gestión Académica | J13: Proyectos pedagógicos transversales y cátedras | K13: =IF($I13="","",IF($J13="","",IF(IFERROR(VLOOKUP($J13,Listas!$G$2:$H$28,2,0),"")=$I13,"OK","Revisar área/ítem"))) -> OK | L13: Gestión Académica · Proyectos transversales (PRAE) — folio por confirmar | M13: Ajustar texto existente | N13: Conforme a la Ley 2563 de 2025, el PRAE de la institución incorpora los enfoques de protección y bienestar animal y de conservación de la biodiversidad, con la posibilidad de orientar el servicio social estudiantil hacia estos fines y de fortalecer la formación de los docentes en la materia. Estos enfoques se integran a la educación ambiental como expresión del respeto por la vida en todas sus formas. | O13: Ley 2563/2025, arts. 1, 3 y 6. Concurre con REF-04 (ambiental). Secundarios: SSEO, Actualización y capacitación. | P13: Consejo Académico | Q13: EICIT IA | R13: 46280 | S13: Borrador | T13: Integrar bienestar animal y biodiversidad al PRAE · formación docente · opción de orientar el SSEO
... A32: REF-31 | B32: Guía del Plan Escolar de Gestión del Riesgo (PEGR) | C32: Guía | D32: s. f. | E32: Recomendado | F32: Sí | G32: Directiva · PEGR | H32: Elaborar/actualizar el PEGR institucional. | I32: Gestión de la Comunidad | J32: Plan escolar de gestión del riesgo | K32: =IF($I32="","",IF($J32="","",IF(IFERROR(VLOOKUP($J32,Listas!$G$2:$H$28,2,0),"")=$I32,"OK","Revisar área/ítem"))) -> OK | L32: Gestión de la Comunidad · Plan escolar de gestión del riesgo — folio por confirmar | M32: Enlazar documento anexo | N32: Para la formulación de su Plan Escolar de Gestión del Riesgo, la institución se apoya en la guía «Escuela, territorio de vida» del Ministerio de Educación, que desarrolla operativamente la política adoptada mediante la Resolución 006519 de 2025. | O32: Guía «Escuela, territorio de vida» (desarrollo operativo de la Resolución 006519). Remite a REF-14. | P32: Consejo Directivo | Q32: EICIT IA | R32: 46280 | S32: Borrador | T32: Usar la guía para formular el PEGR · educación en emergencias
K33: =IF($I33="","",IF($J33="","",IF(IFERROR(VLOOKUP($J33,Listas!$G$2:$H$28,2,0),"")=$I33,"OK","Revisar área/ítem")))
K34: =IF($I34="","",IF($J34="","",IF(IFERROR(VLOOKUP($J34,Listas!$G$2:$H$28,2,0),"")=$I34,"OK","Revisar área/ítem")))
K35: =IF($I35="","",IF($J35="","",IF(IFERROR(VLOOKUP($J35,Listas!$G$2:$H$28,2,0),"")=$I35,"OK","Revisar área/ítem")))
K36: =IF($I36="","",IF($J36="","",IF(IFERROR(VLOOKUP($J36,Listas!$G$2:$H$28,2,0),"")=$I36,"OK","Revisar área/ítem")))
K37: =IF($I37="","",IF($J37="","",IF(IFERROR(VLOOKUP($J37,Listas!$G$2:$H$28,2,0),"")=$I37,"OK","Revisar área/ítem")))
K38: =IF($I38="","",IF($J38="","",IF(IFERROR(VLOOKUP($J38,Listas!$G$2:$H$28,2,0),"")=$I38,"OK","Revisar área/ítem")))
K39: =IF($I39="","",IF($J39="","",IF(IFERROR(VLOOKUP($J39,Listas!$G$2:$H$28,2,0),"")=$I39,"OK","Revisar área/ítem")))
K40: =IF($I40="","",IF($J40="","",IF(IFERROR(VLOOKUP($J40,Listas!$G$2:$H$28,2,0),"")=$I40,"OK","Revisar área/ítem")))
K41: =IF($I41="","",IF($J41="","",IF(IFERROR(VLOOKUP($J41,Listas!$G$2:$H$28,2,0),"")=$I41,"OK","Revisar área/ítem")))
K42: =IF($I42="","",IF($J42="","",IF(IFERROR(VLOOKUP($J42,Listas!$G$2:$H$28,2,0),"")=$I42,"OK","Revisar área/ítem")))
K43: =IF($I43="","",IF($J43="","",IF(IFERROR(VLOOKUP($J43,Listas!$G$2:$H$28,2,0),"")=$I43,"OK","Revisar área/ítem")))
K44: =IF($I44="","",IF($J44="","",IF(IFERROR(VLOOKUP($J44,Listas!$G$2:$H$28,2,0),"")=$I44,"OK","Revisar área/ítem")))
... K80: =IF($I80="","",IF($J80="","",IF(IFERROR(VLOOKUP($J80,Listas!$G$2:$H$28,2,0),"")=$I80,"OK","Revisar área/ítem")))

Sheet Resumen
B2: Tablero de consolidación
B3: Se actualiza solo al diligenciar la hoja «Fichas».
B5: Totales | E5: Por área de gestión
B6: Fichas registradas | C6: =COUNTA(Fichas!$B$2:$B$200) -> 31 | E6: Gestión Directiva | F6: =COUNTIF(Fichas!$I:$I,"Gestión Directiva") -> 1
B7: Con redacción propuesta | C7: =COUNTA(Fichas!$N$2:$N$200) -> 31 | E7: Gestión Académica | F7: =COUNTIF(Fichas!$I:$I,"Gestión Académica") -> 20
B8: Avaladas por coordinación | C8: =COUNTIF(Fichas!$S:$S,"Avalado por coordinación") -> 0 | E8: Gestión de la Comunidad | F8: =COUNTIF(Fichas!$I:$I,"Gestión de la Comunidad") -> 10
B9: Correspondencias a revisar | C9: =COUNTIF(Fichas!$K:$K,"Revisar*") -> 0 | E9: Gestión Administrativa y Financiera | F9: =COUNTIF(Fichas!$I:$I,"Gestión Administrativa y Financiera") -> 0
E10: Sin asignar área | F10: =COUNTA(Fichas!$B$2:$B$200)-SUMPRODUCT(COUNTIF(Fichas!$I:$I,Listas!$A$2:$A$5)) -> 0
B11: Por clasificación
B12: Obligatorio | C12: =COUNTIF(Fichas!$E:$E,"Obligatorio") -> 14
B13: Recomendado | C13: =COUNTIF(Fichas!$E:$E,"Recomendado") -> 17
B15: Por estado
B16: Borrador | C16: =COUNTIF(Fichas!$S:$S,"Borrador") -> 31
B17: Revisado por el grupo | C17: =COUNTIF(Fichas!$S:$S,"Revisado por el grupo") -> 0
B18: Avalado por coordinación | C18: =COUNTIF(Fichas!$S:$S,"Avalado por coordinación") -> 0

Sheet Listas
A1: Áreas | C1: Tipo de incorporación | D1: Instancia | E1: Estado | F1: Clasificación | G1: Ítem | H1: Área (mapa)
A2: Gestión Directiva | C2: Ajustar texto existente | D2: No requiere | E2: Borrador | F2: Obligatorio | G2: Identidad institucional | H2: Gestión Directiva
A3: Gestión Académica | C3: Crear apartado nuevo | D3: Consejo Académico | E3: Revisado por el grupo | F3: Recomendado | G3: Caracterización institucional | H3: Gestión Directiva
A4: Gestión de la Comunidad | C4: Incorporar referencia normativa | D4: Consejo Directivo | E4: Avalado por coordinación | G4: Filosofía o fundamentos del PEI | H4: Gestión Directiva
A5: Gestión Administrativa y Financiera | C5: Enlazar documento anexo | D5: Rectoría | G5: Horizonte institucional | H5: Gestión Directiva
C6: Sin cambios (ya contemplado) | G6: Políticas institucionales | H6: Gestión Directiva
C7: Remitir a otro ítem | G7: Objetivos del PEI | H7: Gestión Directiva
G8: Metas del PEI | H8: Gestión Directiva
G9: Lineamientos de la propuesta pedagógica y curricular | H9: Gestión Académica
G10: Modelo y/o enfoque pedagógico | H10: Gestión Académica
G11: Planes de estudios | H11: Gestión Académica
G12: Proyectos pedagógicos transversales y cátedras | H12: Gestión Académica
G13: Sistema Institucional de Evaluación de Estudiantes (SIEE) | H13: Gestión Académica
G14: Gobierno escolar | H14: Gestión de la Comunidad
G15: Instancias de participación | H15: Gestión de la Comunidad
G16: Manual de convivencia | H16: Gestión de la Comunidad
G17: Procesos de articulación (convenios, programas, alianzas) | H17: Gestión de la Comunidad
G18: Servicio social estudiantil (SSEO) | H18: Gestión de la Comunidad
G19: Alianza familia-escuela | H19: Gestión de la Comunidad
... G28: Servicios adicionales y complementarios | H28: Gestión Administrativa y Financiera
