Workbook

Sheet Guía
A1: Propuesta de dotación — Infraestructura de innovación y tecnología
A2: EICIT · Acompañamiento a la ENSMA · Documento de trabajo · Autor: EICIT IA
A4: Este libro reúne DOS componentes distintos, en hojas separadas:
A5: • ENSMA_Innovación: dotación para soportar la propuesta de innovación en todos los grados de la ENSMA.
A6: • EICIT_TecnicoLaboral: elementos de laboratorio y práctica para el programa Técnico Laboral de EICIT, en las salas que la ENSMA pondrá a disposición.
A8: Cómo usarlo:
A9: 1. La columna «Costo unit. estimado» está en amarillo: diligénciela con cotizaciones locales. El subtotal se calcula solo.
A10: 2. Us´ «Prioridad» y «Fase» para comprar por etapas según el presupuesto. Empezaríamos por lo Indispensable de la Fase 1.
A11: 3. La hoja «Resumen» totaliza por componente, por prioridad y por fase: el total de «Indispensable» es el presupuesto mínimo viable.
A12: 4. Las cantidades son sugeridas y económicas; habría que ajustarla más adelante a los grupos reales que se conformen
A14: Criterio de economía aplicado:
A15: • La ENSMA ya tiene base sólida (67 PC en 2 salas, fibra óptica, TV/videobeam en aulas). No se propone comprar PC genéricos: se aprovecha lo existente.
... A20: Encuadre: es una propuesta técnica de EICIT. Las cantidades y especificaciones se confirman contra la malla (Fase 4); la decisión y adquisición son de la ENSMA.
A22: Leyenda de prioridad: | D22: Celda amarilla = diligenciar (costo).
A23: Indispensable
A24: Recomendado
A25: Opcional

Sheet EICIT_TecnicoLaboral
A1: Componente 1· Técnico Laboral en Asistencia de Enseñanza Especial y Mediación Tecnológica (EICIT) — salas cedidas por la ENSMA
A2: EICIT ya dispone de sala con 26 PC + tablero digital interactivo (cubre el laboratorio de informática/sandbox, la mediación tecnológica y la IA generativa). Las salas de la ENSMA se habilitan como Laboratorio de mediación y bio-regulación y Aula de simulación de inclusión (DUA), que es lo que hoy no se tiene.
A3: Ambiente / escenario | B3: Asignatura(s) que soporta | C3: Ítem | D3: Uso / competencia | E3: ¿EICIT ya lo tiene? | F3: Cant. sugerida | G3: Unidad | H3: Prioridad | I3: Fase | J3: Costo unit. estimado (COP) | K3: Subtotal (COP) | L3: OBSERVACIÓN
A4: Laboratorio de mediación y bio-regulación
A5: Bio-regulación | B5: Agente de primer contacto y nutrición; Primeros auxilios avanzados | C5: Maniquíes de RCP (adulto, niño y bebé) | D5: Práctica de primer contacto, primeros auxilios y cuidado | E5: No | F5: 3 | G5: unidad | H5: Indispensable | I5: 1 | K5: =IF(OR(F5="",J5=""),"",F5*J5)
A6: Bio-regulación | B6: Agente de primer contacto; Primeros auxilios | C6: Botiquín dotado + camilla e inmovilizadores básicos | D6: Simulación de atención y traslado seguro | E6: EICIT tiene 1 camilla y un botiquín | F6: 2 | G6: kit | H6: Indispensable | I6: 1 | K6: =IF(OR(F6="",J6=""),"",F6*J6)
A7: Bio-regulación | B7: Regulación emocional y sensorial del entorno | C7: Kit de recursos sensoriales y de regulación (texturas, peso, luces, auriculares supresores) | D7: Estrategias de regulación sensorial en población atendida | E7: No | F7: 2 | G7: set | H7: Indispensable | I7: 2 | K7: =IF(OR(F7="",J7=""),"",F7*J7)
A8: Bio-regulación | B8: Regulación emocional y sensorial | C8: Mobiliario ergonómico adaptable (mesas ajustables, colchonetas, cojines) | D8: Ambientes seguros y accesibles | E8: No | F8: 1 | G8: conjunto | H8: Recomendado | I8: 2 | K8: =IF(OR(F8="",J8=""),"",F8*J8)
A9: Bio-regulación | B9: Fundamentos de neuroeducación; Práctica | C9: Simulador de cuidado para el ciclo vital (bebé/persona mayor) | D9: Práctica de cuidado calificado | E9: No | F9: 2 | G9: unidad | H9: Recomendado | I9: 3 | K9: =IF(OR(F9="",J9=""),"",F9*J9)
A10: Aula de simulación de inclusión y mediación (DUA)
A11: Simulación DUA | B11: Competencias comunicativas y recursos didácticos; Práctica I | C11: Kit de Comunicación Aumentativa y Alternativa (CAA): tableros, pictogramas/PECS | D11: Mediación comunicativa inclusiva de bajo costo | E11: No | F11: 3 | G11: kit | H11: Indispensable | I11: 1 | K11: =IF(OR(F11="",J11=""),"",F11*J11)
A12: Simulación DUA | B12: Laboratorio STEAM y gestión pedagógica con IAG; Práctica | C12: Tecnología de accesibilidad/adaptada (mouse y teclado adaptados, pulsadores/switches) | D12: Ajustes razonables y acceso al computador | E12: No | F12: 6 | G12: unidad | H12: Indispensable | I12: 1 | K12: =IF(OR(F12="",J12=""),"",F12*J12)
A13: Simulación DUA | B13: Estrategias de aprendizaje; recursos didácticos | C13: Material didáctico DUA y manipulativo multisensorial (bajo costo) | D13: Diseño Universal para el Aprendizaje aplicado | E13: No | F13: 1 | G13: conjunto | H13: Indispensable | I13: 1 | K13: =IF(OR(F13="",J13=""),"",F13*J13)
A14: Simulación DUA | B14: Laboratorio STEAM y gestión con IAG | C14: Tablets con apps de accesibilidad y CAA | D14: Mediación tecnológica portátil | E14: No | F14: 25 | G14: unidad | H14: Indispensable | I14: 2 | K14: =IF(OR(F14="",J14=""),"",F14*J14)
A15: Simulación DUA | B15: Laboratorio STEAM; Fundamentos informáticos 4RI | C15: Herramientas de IA generativa (versiones educativas de LLMs) | D15: Prompting asistencial, recursos didácticos, informes PIAR | E15: EICIT ya (sala de PC) | F15: 1 | G15: acceso | H15: Indispensable | I15: 1 | K15: =IF(OR(F15="",J15=""),"",F15*J15)
A16: Simulación DUA | B16: Transversal | C16: Mobiliario flexible y almacenamiento de materiales | D16: Organización del ambiente de práctica | E16: No | F16: 1 | G16: conjunto | H16: Recomendado | I16: 2 | K16: =IF(OR(F16="",J16=""),"",F16*J16)
K18: =SUM(K4:K16) -> 0

Sheet ENSMA_Innovación
A1: Componente 2 · Dotación de innovación y tecnología para la ENSMA (todos los grados)
A2: Base existente (inventario): 2 salas con 67 PC · fibra óptica · TV y videobeam en aulas · sin software educativo ni equipamiento de innovación.
A3: Ciclo / Ambiente | B3: Ítem o kit | C3: Uso pedagógico / capacidad que soporta | D3: ¿Ya lo tiene la ENSMA? | E3: Cant. sugerida | F3: Unidad | G3: Prioridad | H3: Fase | I3: Costo unit. estimado (COP) | J3: Subtotal (COP) | K3: Observación
A4: Transversal · condición habilitante (aprovecha lo existente)
A5: Transversal | B5: Software educativo y de programación (Scratch, Python, Jupyter, ofimática libre) | C5: Instala capacidades de programación y datos en los 67 PC ya existentes | D5: No (equipos sin software educativo) | E5: 67 | F5: licencia (equipo) | G5: Indispensable | H5: 1 | I5: 0 | J5: =IF(OR(E5="",I5=""),"",E5*I5) -> 0
A6: Transversal | B6: Puntos de red / cobertura WiFi a aulas de innovación | C6: Lleva la conectividad (ya hay fibra) a los espacios de práctica | D6: Parcial (hay fibra, verificar cobertura) | E6: 4 | F6: punto/AP | G6: Recomendado | H6: 1 | J6: =IF(OR(E6="",I6=""),"",E6*I6)
A7: Transversal | B7: Almacenamiento y respaldo (NAS o disco de red) | C7: Guarda proyectos, datasets y evidencias de forma segura | D7: No | E7: 1 | F7: unidad | G7: Recomendado | H7: 2 | J7: =IF(OR(E7="",I7=""),"",E7*I7)
A8: Preescolar · pensamiento computacional desenchufado
A9: Preescolar | B9: Robots de suelo programables (tipo Bee-Bot/Blue-Bot) + tapetes | C9: Secuencias, direcciones y lógica sin pantalla; juego y exploración | D9: No | E9: 3 | F9: kit | G9: Indispensable | H9: 1 | J9: =IF(OR(E9="",I9=""),"",E9*I9)
A10: Preescolar | B10: Material manipulativo de patrones, secuencias y clasificación | C10: Germen de la noción de dato: contar, ordenar, agrupar | D10: No | E10: 6 | F10: set | G10: Indispensable | H10: 1 | J10: =IF(OR(E10="",I10=""),"",E10*I10)
A11: Primaria · programación por bloques, datos y ciudadanía digital
A12: Primaria | B12: Scratch / programación por bloques (en PC existentes) | C12: Pensamiento algorítmico inicial; creación digital | D12: No (falta software) | E12: 0 | F12: — | G12: Indispensable | H12: 1 | I12: 0 | J12: =IF(OR(E12="",I12=""),"",E12*I12) -> 0
A13: Primaria | B13: Kits de robótica educativa por bloques (tipo mBot/WeDo/Makey Makey) | C13: Programación tangible y proyectos STEAM | D13: No | E13: 8 | F13: kit | G13: Recomendado | H13: 2 | J13: =IF(OR(E13="",I13=""),"",E13*I13)
A14: Primaria | B14: Set de introducción a datos (tarjetas, materiales de gráficos) | C14: Leer e interpretar datos; primeras preguntas | D14: No | E14: 6 | F14: set | G14: Recomendado | H14: 2 | J14: =IF(OR(E14="",I14=""),"",E14*I14)
A15: Secundaria · de bloques a texto, IA como objeto de estudio, datos con propósito
A16: Secundaria | B16: Microcontroladores + sensores (tipo micro:bit/Arduino), set de aula | C16: Programación textual inicial, datos con sensores, proyectos | D16: No | E16: 20 | F16: unidad | G16: Indispensable | H16: 2 | J16: =IF(OR(E16="",I16=""),"",E16*I16)
A17: Secundaria | B17: Python / Jupyter (en PC existentes) | C17: Transición a programación textual y análisis de datos | D17: No (falta software) | E17: 0 | F17: — | G17: Indispensable | H17: 2 | I17: 0 | J17: =IF(OR(E17="",I17=""),"",E17*I17) -> 0
A18: Secundaria | B18: Kit de robótica intermedia (proyectos) | C18: Integración de sensores, actuadores y programación | D18: No | E18: 6 | F18: kit | G18: Opcional | H18: 3 | J18: =IF(OR(E18="",I18=""),"",E18*I18)
A19: Media técnica · Programación para Analítica de Datos
A20: Media técnica | B20: Actualización de una sala para analítica (RAM/SSD) o subconjunto de equipos | C20: Procesamiento para análisis de datos y entornos de práctica | D20: Parcial (hay PC básicos) | E20: 25 | F20: equipo | G20: Indispensable | H20: 3 | J20: =IF(OR(E20="",I20=""),"",E20*I20)
A21: Media técnica | B21: Software de analítica (Python, Pandas, Jupyter, R, BI libre) | C21: Herramientas profesionales de análisis de datos | D21: No | E21: 0 | F21: — | G21: Indispensable | H21: 3 | I21: 0 | J21: =IF(OR(E21="",I21=""),"",E21*I21) -> 0
A22: Media técnica | B22: Conectividad reforzada en la sala de la media técnica | C22: Trabajo con datos en la nube y colaboración | D22: Parcial | E22: 1 | F22: sala | G22: Recomendado | H22: 3 | J22: =IF(OR(E22="",I22=""),"",E22*I22)
J24: =SUM(J4:J22) -> 0

Sheet Resumen
B2: Resumen presupuestal
B3: Los totales se completan al diligenciar los costos unitarios. El total «Indispensable» es el presupuesto mínimo viable.
B5: Componente | C5: Ítems | D5: Total Indispensable (COP) | E5: Total general (COP)
B6: ENSMA — Innovación | C6: =COUNTIF(ENSMA_Innovación!G4:G22,"<>") -> 14 | D6: =SUMIF(ENSMA_Innovación!G4:G22,"Indispensable",ENSMA_Innovación!J4:J22) -> 0 | E6: =SUM(ENSMA_Innovación!J4:J22) -> 0
B7: EICIT — Técnico Laboral | C7: =COUNTIF(EICIT_TecnicoLaboral!H4:H16,"<>") -> 11 | D7: =SUMIF(EICIT_TecnicoLaboral!H4:H16,"Indispensable",EICIT_TecnicoLaboral!K4:K16) -> 0 | E7: =SUM(EICIT_TecnicoLaboral!K4:K16) -> 0
B8: TOTAL | D8: =SUM(D6:D7) -> 0 | E8: =SUM(E6:E7) -> 0
B11: ENSMA — por fase de compra
B12: Fase | C12: Total general (COP)
B13: Fase 1 | C13: =SUMIF(ENSMA_Innovación!H4:H22,"1",ENSMA_Innovación!J4:J22) -> 0
B14: Fase 2 | C14: =SUMIF(ENSMA_Innovación!H4:H22,"2",ENSMA_Innovación!J4:J22) -> 0
B15: Fase 3 | C15: =SUMIF(ENSMA_Innovación!H4:H22,"3",ENSMA_Innovación!J4:J22) -> 0
