Workbook

Sheet Portada
B2: EICIT · Escuela Iberoamericana de Ciencias Técnicas
B4: Diagnóstico de Competencias Digitales Docentes — Línea Base
B5: Escuela Normal Superior María Auxiliadora de Soacha (ENSMA)
B6: Análisis y conclusiones preliminares
B8: Tarea del cronograma | C8: 1.2.5 / F1-T5 — Aplicación y análisis del instrumento
B9: Marco | C9: Circular 0064 de 2026 (SEM) · Actualización del PEI 2026–2027
B10: Instrumento | C10: 62 ítems · 7 dimensiones · niveles MEN (Explorador/Integrador/Innovador)
B11: Referentes | C11: MEN · DigCompEdu · UNESCO IA 2024 · pedagogía preventiva salesiana
B12: Universo | C12: 33 docentes (nómina 2026)
B13: Respuestas | C13: 28 docentes · tasa de respuesta 84,8%
B14: Elaboró | C14: EICIT IA
B15: Fecha | C15: Agosto de 2026
B16: Uso | C16: Documento institucional para deliberación de la ENSMA · datos nominales (habeas data)
B18: Advertencia metodológica
B19: • Resultados de AUTOPERCEPCIÓN (instrumento autoinformado y nominal): interpretar como percepción, no como desempeño verificado.
B20: • Es un CENSO (N=28), no una muestra: todas las conclusiones son DESCRIPTIVAS. No aplican pruebas de inferencia ni márgenes de error.
B21: • Los segmentos con pocos casos (p. ej. «Menos de 3 años» n=1; «Posgrado» n=3) se leen con cautela.
B22: • Posible sesgo de no respuesta: los 5 docentes que no respondieron podrían diferir del grupo que sí lo hizo.
B23: • La caracterización no incluye edad; el cruce con la nómina se hizo por nombre (sin llave de correo).

Sheet Tablero
B2: Tablero de resultados — Línea base de competencias digitales
B4: Universo (nómina 2026) | C4: =Cruce_Nomina!H2 -> 33
B5: Respuestas válidas | C5: =COUNTA(Perfil_docente!A2:A29) -> 28
B6: Tasa de respuesta | C6: =COUNTA(Perfil_docente!A2:A29)/Cruce_Nomina!H2 -> 0.84848485
B7: Índice global medio (0–100) | C7: =AVERAGE(Perfil_docente!N2:N29) -> 79.41808
B8: Mediana | C8: =MEDIAN(Perfil_docente!N2:N29) -> 81.473214
B9: Mínimo – Máximo | C9: =TEXT(MIN(Perfil_docente!N2:N29),"0.0")&" – "&TEXT(MAX(Perfil_docente!N2:N29),"0.0") -> 57.4 – 96.5
B11: Clasificación MEN (índice global)
B12: Innovador | C12: =COUNTIF(Perfil_docente!O2:O29,"Innovador") -> 18 | D12: =COUNTIF(Perfil_docente!O2:O29,"Innovador")/COUNTA(Perfil_docente!A2:A29) -> 0.64285714
B13: Integrador | C13: =COUNTIF(Perfil_docente!O2:O29,"Integrador") -> 10 | D13: =COUNTIF(Perfil_docente!O2:O29,"Integrador")/COUNTA(Perfil_docente!A2:A29) -> 0.35714286
B14: Explorador | C14: =COUNTIF(Perfil_docente!O2:O29,"Explorador") -> 0 | D14: =COUNTIF(Perfil_docente!O2:O29,"Explorador")/COUNTA(Perfil_docente!A2:A29) -> 0
B16: Fuente: instrumento autoinformado (28 docentes). Resultados descriptivos.

Sheet Dimensiones
A1: Perfil por dimensión (índice 0–100 y distribución MEN)
A3: Dimensión | B3: Índice medio | C3: Explorador | D3: Integrador | E3: Innovador | F3: Lectura
A4: D1 Actitud y disposición | B4: =AVERAGE(Perfil_docente!G2:G29) -> 87.599206 | C4: =COUNTIF(Perfil_docente!G2:G29,"<50") -> 0 | D4: =COUNTIFS(Perfil_docente!G2:G29,">=50",Perfil_docente!G2:G29,"<75") -> 2 | E4: =COUNTIF(Perfil_docente!G2:G29,">=75") -> 26 | F4: Muy alta disposición y mentalidad de innovación
A5: D2 Información y datos | B5: =AVERAGE(Perfil_docente!H2:H29) -> 79.614881 | C5: =COUNTIF(Perfil_docente!H2:H29,"<50") -> 0 | D5: =COUNTIFS(Perfil_docente!H2:H29,">=50",Perfil_docente!H2:H29,"<75") -> 9 | E5: =COUNTIF(Perfil_docente!H2:H29,">=75") -> 19 | F5: Búsqueda y gestión de información sólidas
A6: D3 Comunicación y creación | B6: =AVERAGE(Perfil_docente!I2:I29) -> 73.958929 | C6: =COUNTIF(Perfil_docente!I2:I29,"<50") -> 3 | D6: =COUNTIFS(Perfil_docente!I2:I29,">=50",Perfil_docente!I2:I29,"<75") -> 10 | E6: =COUNTIF(Perfil_docente!I2:I29,">=75") -> 15 | F6: Rezago en aula virtual y creación multimedia
A7: D4 Seguridad y ciudadanía | B7: =AVERAGE(Perfil_docente!J2:J29) -> 76.27551 | C7: =COUNTIF(Perfil_docente!J2:J29,"<50") -> 2 | D7: =COUNTIFS(Perfil_docente!J2:J29,">=50",Perfil_docente!J2:J29,"<75") -> 9 | E7: =COUNTIF(Perfil_docente!J2:J29,">=75") -> 17 | F7: Bienestar/ciudadanía por consolidar
A8: D5 Pedagogía digital | B8: =AVERAGE(Perfil_docente!K2:K29) -> 70.153061 | C8: =COUNTIF(Perfil_docente!K2:K29,"<50") -> 4 | D8: =COUNTIFS(Perfil_docente!K2:K29,">=50",Perfil_docente!K2:K29,"<75") -> 8 | E8: =COUNTIF(Perfil_docente!K2:K29,">=75") -> 16 | F8: La más baja: metodologías activas y creación con TIC
A9: D6 Inteligencia Artificial * | B9: =AVERAGE(Perfil_docente!L2:L29) -> 76.450893 | C9: =COUNTIF(Perfil_docente!L2:L29,"<50") -> 0 | D9: =COUNTIFS(Perfil_docente!L2:L29,">=50",Perfil_docente!L2:L29,"<75") -> 9 | E9: =COUNTIF(Perfil_docente!L2:L29,">=75") -> 19 | F9: Interés alto, destreza aplicada media (ver hoja IA)
A10: D7 Conocimiento aplicado | B10: =AVERAGE(Perfil_docente!M2:M29) -> 94.84127 | C10: =COUNTIF(Perfil_docente!M2:M29,"<50") -> 0 | D10: =COUNTIFS(Perfil_docente!M2:M29,">=50",Perfil_docente!M2:M29,"<75") -> 0 | E10: =COUNTIF(Perfil_docente!M2:M29,">=75") -> 28 | F10: Conocimiento base alto (efecto techo del cuestionario)
A31: * D6 (Inteligencia Artificial) pondera doble en el índice global.

Sheet Segmentos
A1: Índice global por segmentos (descriptivo)
A3: Años de experiencia
A4: Categoría | B4: n | C4: Índice medio
A5: Menos de 3 | B5: =COUNTIF(Perfil_docente!C2:C29,"Menos de 3") -> 1 | C5: =IFERROR(AVERAGEIF(Perfil_docente!C2:C29,"Menos de 3",Perfil_docente!N2:N29),"—") -> 71.26875
A6: 3 a 10 | B6: =COUNTIF(Perfil_docente!C2:C29,"3 a 10") -> 12 | C6: =IFERROR(AVERAGEIF(Perfil_docente!C2:C29,"3 a 10",Perfil_docente!N2:N29),"—") -> 82.086425
A7: 11 a 20 | B7: =COUNTIF(Perfil_docente!C2:C29,"11 a 20") -> 9 | C7: =IFERROR(AVERAGEIF(Perfil_docente!C2:C29,"11 a 20",Perfil_docente!N2:N29),"—") -> 74.025772
A8: Más de 20 | B8: =COUNTIF(Perfil_docente!C2:C29,"Más de 20") -> 6 | C8: =IFERROR(AVERAGEIF(Perfil_docente!C2:C29,"Más de 20",Perfil_docente!N2:N29),"—") -> 83.528075
A10: Formación previa en tecnología
A11: Categoría | B11: n | C11: Índice medio
A12: Ninguna | B12: =COUNTIF(Perfil_docente!F2:F29,"Ninguna") -> 5 | C12: =IFERROR(AVERAGEIF(Perfil_docente!F2:F29,"Ninguna",Perfil_docente!N2:N29),"—") -> 73.286627
A13: Informal o autodidacta | B13: =COUNTIF(Perfil_docente!F2:F29,"Informal o autodidacta") -> 13 | C13: =IFERROR(AVERAGEIF(Perfil_docente!F2:F29,"Informal o autodidacta",Perfil_docente!N2:N29),"—") -> 77.445131
A14: Cursos cortos | B14: =COUNTIF(Perfil_docente!F2:F29,"Cursos cortos") -> 7 | C14: =IFERROR(AVERAGEIF(Perfil_docente!F2:F29,"Cursos cortos",Perfil_docente!N2:N29),"—") -> 83.780159
A15: Posgrado o certificación formal | B15: =COUNTIF(Perfil_docente!F2:F29,"Posgrado o certificación formal") -> 3 | C15: =IFERROR(AVERAGEIF(Perfil_docente!F2:F29,"Posgrado o certificación formal",Perfil_docente!N2:N29),"—") -> 88.008433
A17: Conectividad
A18: Categoría | B18: n | C18: Índice medio
A19: Limitada | B19: =COUNTIF(Perfil_docente!E2:E29,"Limitada") -> 4 | C19: =IFERROR(AVERAGEIF(Perfil_docente!E2:E29,"Limitada",Perfil_docente!N2:N29),"—") -> 76.537698
A20: Intermitente | B20: =COUNTIF(Perfil_docente!E2:E29,"Intermitente") -> 14 | C20: =IFERROR(AVERAGEIF(Perfil_docente!E2:E29,"Intermitente",Perfil_docente!N2:N29),"—") -> 76.863124
A21: Estable | B21: =COUNTIF(Perfil_docente!E2:E29,"Estable") -> 10 | C21: =IFERROR(AVERAGEIF(Perfil_docente!E2:E29,"Estable",Perfil_docente!N2:N29),"—") -> 84.147173
A23: Dispositivo
A24: Categoría | B24: n | C24: Índice medio
A25: Sin dispositivo estable | B25: =COUNTIF(Perfil_docente!D2:D29,"Sin dispositivo estable") -> 1 | C25: =IFERROR(AVERAGEIF(Perfil_docente!D2:D29,"Sin dispositivo estable",Perfil_docente!N2:N29),"—") -> 83.408433
A26: Computador institucional | B26: =COUNTIF(Perfil_docente!D2:D29,"Computador institucional") -> 7 | C26: =IFERROR(AVERAGEIF(Perfil_docente!D2:D29,"Computador institucional",Perfil_docente!N2:N29),"—") -> 73.122265
A27: Computador propio | B27: =COUNTIF(Perfil_docente!D2:D29,"Computador propio") -> 20 | C27: =IFERROR(AVERAGEIF(Perfil_docente!D2:D29,"Computador propio",Perfil_docente!N2:N29),"—") -> 81.422098
A29: Nivel en que enseña (un docente cuenta en cada nivel)
A30: Nivel | B30: n | C30: Índice medio
A31: Preescolar | B31: =SUMPRODUCT(--ISNUMBER(SEARCH("Preescolar",Perfil_docente!B2:B29))) -> 5 | C31: =SUMPRODUCT(--ISNUMBER(SEARCH("Preescolar",Perfil_docente!B2:B29)),Perfil_docente!N2:N29)/SUMPRODUCT(--ISNUMBER(SEARCH("Preescolar",Perfil_docente!B2:B29))) -> 84.412897
A32: Primaria | B32: =SUMPRODUCT(--ISNUMBER(SEARCH("Primaria",Perfil_docente!B2:B29))) -> 20 | C32: =SUMPRODUCT(--ISNUMBER(SEARCH("Primaria",Perfil_docente!B2:B29)),Perfil_docente!N2:N29)/SUMPRODUCT(--ISNUMBER(SEARCH("Primaria",Perfil_docente!B2:B29))) -> 78.165685
A33: Secundaria | B33: =SUMPRODUCT(--ISNUMBER(SEARCH("Secundaria",Perfil_docente!B2:B29))) -> 15 | C33: =SUMPRODUCT(--ISNUMBER(SEARCH("Secundaria",Perfil_docente!B2:B29)),Perfil_docente!N2:N29)/SUMPRODUCT(--ISNUMBER(SEARCH("Secundaria",Perfil_docente!B2:B29))) -> 79.858724
A34: Media | B34: =SUMPRODUCT(--ISNUMBER(SEARCH("Media",Perfil_docente!B2:B29))) -> 10 | C34: =SUMPRODUCT(--ISNUMBER(SEARCH("Media",Perfil_docente!B2:B29)),Perfil_docente!N2:N29)/SUMPRODUCT(--ISNUMBER(SEARCH("Media",Perfil_docente!B2:B29))) -> 80.248016

Sheet IA_Detalle
A1: Dimensión 6 · Inteligencia Artificial — detalle por ítem
A3: Ítem (D6) | B3: Índice medio | C3: Lectura
A4: Comprende la IA generativa | B4: =AVERAGE(Datos_items!AR2:AR29) -> 80.357143 | C4: Base conceptual instalada
A5: Ha usado IA para clases/materiales | B5: =AVERAGE(Datos_items!AS2:AS29) -> 85.714286 | C5: Uso incipiente ya presente
A6: Formula prompts efectivos | B6: =AVERAGE(Datos_items!AT2:AT29) -> 76.785714 | C6: Margen de mejora
A7: Detecta errores/sesgos/alucinaciones | B7: =AVERAGE(Datos_items!AU2:AU29) -> 75 | C7: Criterio crítico a reforzar
A8: Conoce criterios éticos de uso | B8: =AVERAGE(Datos_items!AV2:AV29) -> 78.571429 | C8: Ética a formalizar
A9: Diseña actividades con IA | B9: =AVERAGE(Datos_items!AW2:AW29) -> 71.428571 | C9: Diseño didáctico con IA: foco
A10: Se siente preparado para orientar a colegas | B10: =AVERAGE(Datos_items!AX2:AX29) -> 51.785714 | C10: Capacidad multiplicadora: la más baja
A11: Interés en formarse en IA | B11: =AVERAGE(Datos_items!AY2:AY29) -> 91.964286 | C11: Palanca: disposición altísima
A13: Brecha interés vs. destreza aplicada
A14: Interés en formarse (BC) | B14: =AVERAGE(Datos_items!AY2:AY29) -> 91.964286
A15: Destreza aplicada media (prompts, alucinaciones, diseño, mentoría) | B15: =AVERAGE(Datos_items!AT2:AT29,Datos_items!AU2:AU29,Datos_items!AW2:AW29,Datos_items!AX2:AX29) -> 68.75
A16: Brecha (puntos) | B16: =B14-B15 -> 23.214286
A19: Temas de IA que los docentes quieren priorizar
A20: Tema | B20: Docentes | C20: % del total
A21: Creación de materiales | B21: 23 | C21: 0.82142857
A22: Uso con estudiantes | B22: 20 | C22: 0.71428571
A23: Herramientas específicas | B23: 20 | C23: 0.71428571
A24: Evaluación y retroalimentación | B24: 17 | C24: 0.60714286
A25: Ética e integridad | B25: 14 | C25: 0.5
A26: Fundamentos | B26: 10 | C26: 0.35714286

Sheet Perfil_docente
A1: Docente | B1: Nivel(es) | C1: Años exp. | D1: Dispositivo | E1: Conectividad | F1: Form. previa | G1: D1 | H1: D2 | I1: D3 | J1: D4 | K1: D5 | L1: D6* | M1: D7 | N1: ÍNDICE GLOBAL | O1: Nivel MEN
A2: =Datos_items!A2 -> Karla Mariana Gallo Tehelen | B2: =Datos_items!B2 -> Primaria, Secundaria, Media | C2: =Datos_items!D2 -> 3 a 10 | D2: =Datos_items!E2 -> Computador propio | E2: =Datos_items!F2 -> Estable | F2: =Datos_items!G2 -> Ninguna | G2: =AVERAGE(Datos_items!I2:Q2) -> 77.777778 | H2: =AVERAGE(Datos_items!R2:W2) -> 79.166667 | I2: =AVERAGE(Datos_items!X2:AC2) -> 83.333333 | J2: =AVERAGE(Datos_items!AD2:AJ2) -> 75 | K2: =AVERAGE(Datos_items!AK2:AQ2) -> 75 | L2: =AVERAGE(Datos_items!AR2:AY2) -> 84.375 | M2: =Datos_items!H2/9*100 -> 100 | N2: =(G2+H2+I2+J2+K2+2*L2+M2)/8 -> 82.378472 | O2: =IF(N2<50,"Explorador",IF(N2<75,"Integrador","Innovador")) -> Innovador
A3: =Datos_items!A3 -> Laura Katherin Rodríguez Caucali | B3: =Datos_items!B3 -> Preescolar, Primaria | C3: =Datos_items!D3 -> 3 a 10 | D3: =Datos_items!E3 -> Computador institucional | E3: =Datos_items!F3 -> Estable | F3: =Datos_items!G3 -> Informal o autodidacta | G3: =AVERAGE(Datos_items!I3:Q3) -> 80.555556 | H3: =AVERAGE(Datos_items!R3:W3) -> 61.116667 | I3: =AVERAGE(Datos_items!X3:AC3) -> 83.333333 | J3: =AVERAGE(Datos_items!AD3:AJ3) -> 89.285714 | K3: =AVERAGE(Datos_items!AK3:AQ3) -> 75 | L3: =AVERAGE(Datos_items!AR3:AY3) -> 87.5 | M3: =Datos_items!H3/9*100 -> 77.777778 | N3: =(G3+H3+I3+J3+K3+2*L3+M3)/8 -> 80.258631 | O3: =IF(N3<50,"Explorador",IF(N3<75,"Integrador","Innovador")) -> Innovador
A4: =Datos_items!A4 -> Jorge Iván Hernández Loaiza | B4: =Datos_items!B4 -> Secundaria, Media | C4: =Datos_items!D4 -> 3 a 10 | D4: =Datos_items!E4 -> Computador propio | E4: =Datos_items!F4 -> Limitada | F4: =Datos_items!G4 -> Cursos cortos | G4: =AVERAGE(Datos_items!I4:Q4) -> 91.666667 | H4: =AVERAGE(Datos_items!R4:W4) -> 95.833333 | I4: =AVERAGE(Datos_items!X4:AC4) -> 90.283333 | J4: =AVERAGE(Datos_items!AD4:AJ4) -> 64.285714 | K4: =AVERAGE(Datos_items!AK4:AQ4) -> 71.428571 | L4: =AVERAGE(Datos_items!AR4:AY4) -> 75 | M4: =Datos_items!H4/9*100 -> 88.888889 | N4: =(G4+H4+I4+J4+K4+2*L4+M4)/8 -> 81.548313 | O4: =IF(N4<50,"Explorador",IF(N4<75,"Integrador","Innovador")) -> Innovador
A5: =Datos_items!A5 -> Carlos Augusto Gómez Gualteros | B5: =Datos_items!B5 -> Primaria | C5: =Datos_items!D5 -> 3 a 10 | D5: =Datos_items!E5 -> Computador propio | E5: =Datos_items!F5 -> Estable | F5: =Datos_items!G5 -> Informal o autodidacta | G5: =AVERAGE(Datos_items!I5:Q5) -> 72.222222 | H5: =AVERAGE(Datos_items!R5:W5) -> 81.95 | I5: =AVERAGE(Datos_items!X5:AC5) -> 81.95 | J5: =AVERAGE(Datos_items!AD5:AJ5) -> 89.285714 | K5: =AVERAGE(Datos_items!AK5:AQ5) -> 67.857143 | L5: =AVERAGE(Datos_items!AR5:AY5) -> 71.875 | M5: =Datos_items!H5/9*100 -> 100 | N5: =(G5+H5+I5+J5+K5+2*L5+M5)/8 -> 79.626885 | O5: =IF(N5<50,"Explorador",IF(N5<75,"Integrador","Innovador")) -> Innovador
A6: =Datos_items!A6 -> Gabriel Andrés Moreno Angarita | B6: =Datos_items!B6 -> Secundaria, Media | C6: =Datos_items!D6 -> Más de 20 | D6: =Datos_items!E6 -> Computador propio | E6: =Datos_items!F6 -> Estable | F6: =Datos_items!G6 -> Informal o autodidacta | G6: =AVERAGE(Datos_items!I6:Q6) -> 100 | H6: =AVERAGE(Datos_items!R6:W6) -> 87.5 | I6: =AVERAGE(Datos_items!X6:AC6) -> 45.833333 | J6: =AVERAGE(Datos_items!AD6:AJ6) -> 85.714286 | K6: =AVERAGE(Datos_items!AK6:AQ6) -> 75 | L6: =AVERAGE(Datos_items!AR6:AY6) -> 96.875 | M6: =Datos_items!H6/9*100 -> 100 | N6: =(G6+H6+I6+J6+K6+2*L6+M6)/8 -> 85.974702 | O6: =IF(N6<50,"Explorador",IF(N6<75,"Integrador","Innovador")) -> Innovador
A7: =Datos_items!A7 -> Laura Milena Casallas Velandia | B7: =Datos_items!B7 -> Secundaria, Media | C7: =Datos_items!D7 -> 3 a 10 | D7: =Datos_items!E7 -> Computador propio | E7: =Datos_items!F7 -> Intermitente | F7: =Datos_items!G7 -> Ninguna | G7: =AVERAGE(Datos_items!I7:Q7) -> 88.888889 | H7: =AVERAGE(Datos_items!R7:W7) -> 65.283333 | I7: =AVERAGE(Datos_items!X7:AC7) -> 58.333333 | J7: =AVERAGE(Datos_items!AD7:AJ7) -> 78.571429 | K7: =AVERAGE(Datos_items!AK7:AQ7) -> 42.857143 | L7: =AVERAGE(Datos_items!AR7:AY7) -> 75 | M7: =Datos_items!H7/9*100 -> 100 | N7: =(G7+H7+I7+J7+K7+2*L7+M7)/8 -> 72.991766 | O7: =IF(N7<50,"Explorador",IF(N7<75,"Integrador","Innovador")) -> Integrador
A8: =Datos_items!A8 -> Norma constanza ortiz cañon | B8: =Datos_items!B8 -> Primaria | C8: =Datos_items!D8 -> 11 a 20 | D8: =Datos_items!E8 -> Computador propio | E8: =Datos_items!F8 -> Estable | F8: =Datos_items!G8 -> Informal o autodidacta | G8: =AVERAGE(Datos_items!I8:Q8) -> 83.333333 | H8: =AVERAGE(Datos_items!R8:W8) -> 62.5 | I8: =AVERAGE(Datos_items!X8:AC8) -> 75 | J8: =AVERAGE(Datos_items!AD8:AJ8) -> 39.285714 | K8: =AVERAGE(Datos_items!AK8:AQ8) -> 85.714286 | L8: =AVERAGE(Datos_items!AR8:AY8) -> 56.25 | M8: =Datos_items!H8/9*100 -> 100 | N8: =(G8+H8+I8+J8+K8+2*L8+M8)/8 -> 69.791667 | O8: =IF(N8<50,"Explorador",IF(N8<75,"Integrador","Innovador")) -> Integrador
A9: =Datos_items!A9 -> Angela Viviana Alarcón Alfonso | B9: =Datos_items!B9 -> Primaria | C9: =Datos_items!D9 -> 11 a 20 | D9: =Datos_items!E9 -> Computador institucional | E9: =Datos_items!F9 -> Intermitente | F9: =Datos_items!G9 -> Informal o autodidacta | G9: =AVERAGE(Datos_items!I9:Q9) -> 94.444444 | H9: =AVERAGE(Datos_items!R9:W9) -> 65.283333 | I9: =AVERAGE(Datos_items!X9:AC9) -> 58.333333 | J9: =AVERAGE(Datos_items!AD9:AJ9) -> 57.142857 | K9: =AVERAGE(Datos_items!AK9:AQ9) -> 14.285714 | L9: =AVERAGE(Datos_items!AR9:AY9) -> 53.125 | M9: =Datos_items!H9/9*100 -> 100 | N9: =(G9+H9+I9+J9+K9+2*L9+M9)/8 -> 61.96746 | O9: =IF(N9<50,"Explorador",IF(N9<75,"Integrador","Innovador")) -> Integrador
A10: =Datos_items!A10 -> Gustavo Adolfo Toscano Gaitán | B10: =Datos_items!B10 -> Secundaria | C10: =Datos_items!D10 -> 11 a 20 | D10: =Datos_items!E10 -> Computador propio | E10: =Datos_items!F10 -> Intermitente | F10: =Datos_items!G10 -> Posgrado o certificación formal | G10: =AVERAGE(Datos_items!I10:Q10) -> 88.888889 | H10: =AVERAGE(Datos_items!R10:W10) -> 94.45 | I10: =AVERAGE(Datos_items!X10:AC10) -> 70.833333 | J10: =AVERAGE(Datos_items!AD10:AJ10) -> 82.142857 | K10: =AVERAGE(Datos_items!AK10:AQ10) -> 92.857143 | L10: =AVERAGE(Datos_items!AR10:AY10) -> 87.5 | M10: =Datos_items!H10/9*100 -> 100 | N10: =(G10+H10+I10+J10+K10+2*L10+M10)/8 -> 88.021528 | O10: =IF(N10<50,"Explorador",IF(N10<75,"Integrador","Innovador")) -> Innovador
A11: =Datos_items!A11 -> Kelly Jalexy Díaz Olaya | B11: =Datos_items!B11 -> Secundaria, Media | C11: =Datos_items!D11 -> 3 a 10 | D11: =Datos_items!E11 -> Computador propio | E11: =Datos_items!F11 -> Intermitente | F11: =Datos_items!G11 -> Informal o autodidacta | G11: =AVERAGE(Datos_items!I11:Q11) -> 97.222222 | H11: =AVERAGE(Datos_items!R11:W11) -> 100 | I11: =AVERAGE(Datos_items!X11:AC11) -> 83.333333 | J11: =AVERAGE(Datos_items!AD11:AJ11) -> 85.714286 | K11: =AVERAGE(Datos_items!AK11:AQ11) -> 89.285714 | L11: =AVERAGE(Datos_items!AR11:AY11) -> 90.625 | M11: =Datos_items!H11/9*100 -> 100 | N11: =(G11+H11+I11+J11+K11+2*L11+M11)/8 -> 92.100694 | O11: =IF(N11<50,"Explorador",IF(N11<75,"Integrador","Innovador")) -> Innovador
A12: =Datos_items!A12 -> Deisy Camila Flautero Arias | B12: =Datos_items!B12 -> Primaria | C12: =Datos_items!D12 -> 3 a 10 | D12: =Datos_items!E12 -> Computador propio | E12: =Datos_items!F12 -> Estable | F12: =Datos_items!G12 -> Cursos cortos | G12: =AVERAGE(Datos_items!I12:Q12) -> 88.888889 | H12: =AVERAGE(Datos_items!R12:W12) -> 87.5 | I12: =AVERAGE(Datos_items!X12:AC12) -> 90.283333 | J12: =AVERAGE(Datos_items!AD12:AJ12) -> 100 | K12: =AVERAGE(Datos_items!AK12:AQ12) -> 92.857143 | L12: =AVERAGE(Datos_items!AR12:AY12) -> 87.5 | M12: =Datos_items!H12/9*100 -> 100 | N12: =(G12+H12+I12+J12+K12+2*L12+M12)/8 -> 91.816171 | O12: =IF(N12<50,"Explorador",IF(N12<75,"Integrador","Innovador")) -> Innovador
A13: =Datos_items!A13 -> Jaime Orlando Ramírez Vargas | B13: =Datos_items!B13 -> Secundaria, Media | C13: =Datos_items!D13 -> 11 a 20 | D13: =Datos_items!E13 -> Computador institucional | E13: =Datos_items!F13 -> Limitada | F13: =Datos_items!G13 -> Informal o autodidacta | G13: =AVERAGE(Datos_items!I13:Q13) -> 88.888889 | H13: =AVERAGE(Datos_items!R13:W13) -> 76.383333 | I13: =AVERAGE(Datos_items!X13:AC13) -> 47.216667 | J13: =AVERAGE(Datos_items!AD13:AJ13) -> 60.714286 | K13: =AVERAGE(Datos_items!AK13:AQ13) -> 53.571429 | L13: =AVERAGE(Datos_items!AR13:AY13) -> 75 | M13: =Datos_items!H13/9*100 -> 88.888889 | N13: =(G13+H13+I13+J13+K13+2*L13+M13)/8 -> 70.707937 | O13: =IF(N13<50,"Explorador",IF(N13<75,"Integrador","Innovador")) -> Integrador
... A29: =Datos_items!A29 -> Mayuri Andrea Soche Vargas | B29: =Datos_items!B29 -> Primaria, Secundaria | C29: =Datos_items!D29 -> 11 a 20 | D29: =Datos_items!E29 -> Computador propio | E29: =Datos_items!F29 -> Estable | F29: =Datos_items!G29 -> Cursos cortos | G29: =AVERAGE(Datos_items!I29:Q29) -> 75 | H29: =AVERAGE(Datos_items!R29:W29) -> 83.333333 | I29: =AVERAGE(Datos_items!X29:AC29) -> 68.05 | J29: =AVERAGE(Datos_items!AD29:AJ29) -> 92.857143 | K29: =AVERAGE(Datos_items!AK29:AQ29) -> 75 | L29: =AVERAGE(Datos_items!AR29:AY29) -> 78.125 | M29: =Datos_items!H29/9*100 -> 100 | N29: =(G29+H29+I29+J29+K29+2*L29+M29)/8 -> 81.31131 | O29: =IF(N29<50,"Explorador",IF(N29<75,"Integrador","Innovador")) -> Innovador

Sheet Datos_items
A1: Docente | B1: Nivel(es) | C1: Área/asignatura | D1: Años exp. | E1: Dispositivo | F1: Conectividad | G1: Form. previa | H1: Quiz (0-9) | I1: Integrar tecnología en mi práctica mejora los aprendizajes de mis estudiantes | J1: Me siento capaz de aprender a usar nuevas herramientas digitales por mi cuenta | K1: Los cambios tecnológicos frecuentes me generan agobio o rechazo | L1: Estoy dispuesto/a a dedicar tiempo a formarme en innovación y tecnología educativa | M1: La tecnología debe estar al servicio del desarrollo integral de la persona, y no al revés | N1: Prefiero mis métodos habituales antes que incorporar nuevas herramientas digitales | O1: Veo la inteligencia artificial más como una oportunidad que como una amenaza para la educación | P1: Me siento cómodo/a experimentando con recursos digitales aunque no domine todo desde el inicio | Q1: La innovación educativa es responsabilidad de toda la institución, no solo de algunas personas | R1: Busco información en internet con criterios y filtros avanzados (operadores, fuentes especializadas) | S1: Evalúo la fiabilidad y el posible sesgo de las fuentes digitales antes de usarlas o recomendarlas | T1: Organizo y almaceno mis recursos digitales de forma sistemática (carpetas, nube, nomenclatura) | U1: Uso hojas de cálculo para organizar o analizar datos de mis estudiantes | V1: Enseño a mis estudiantes a buscar y evaluar información digital de forma crítica | W1: ¿Con qué frecuencia usa recursos digitales para preparar sus clases? | X1: Uso herramientas digitales para comunicarme con estudiantes y familias (correo, plataforma, mensajería institucional) | Y1: Colaboro con colegas mediante documentos o espacios compartidos en línea | Z1: Creo mis propios materiales digitales (presentaciones, documentos, infografías) | AA1: Produzco o edito recursos multimedia (audio, video o imágenes) para mis clases | AB1: Uso plataformas o aulas virtuales para gestionar actividades y entregas | AC1: ¿Con qué frecuencia utiliza un aula virtual o plataforma con sus estudiantes? | AD1: Protejo mis cuentas con prácticas seguras (contraseñas robustas, verificación en dos pasos) | AE1: Sé cómo proteger los datos personales de mis estudiantes conforme a la normativa de habeas data | AF1: Reconozco situaciones de ciberacoso entre estudiantes y sé cómo actuar frente a ellas | AG1: Oriento a mis estudiantes sobre su huella digital y su identidad en línea | AH1: Promuevo un uso saludable y equilibrado de las pantallas (bienestar digital) | AI1: Identifico correos, enlaces o mensajes potencialmente fraudulentos (phishing) | AJ1: Conozco las medidas institucionales de entornos seguros de aprendizaje digital | AK1: Diseño actividades de aprendizaje que integran tecnología con un propósito pedagógico claro | AL1: Uso tecnología para atender los distintos ritmos y necesidades de mis estudiantes | AM1: Empleo herramientas digitales para evaluar y retroalimentar los aprendizajes | AN1: Aplico metodologías activas apoyadas en tecnología (aprendizaje por proyectos, gamificación, aula invertida) | AO1: Selecciono recursos digitales alineados con los objetivos y estándares de mi área | AP1: Reflexiono sobre mi uso de la tecnología y lo ajusto según los resultados de aprendizaje | AQ1: Diseño experiencias en las que los estudiantes crean con tecnología y no solo la consumen | AR1: Comprendo, a grandes rasgos, qué es la inteligencia artificial generativa y cómo funciona | AS1: He usado herramientas de IA para preparar clases o materiales educativos | AT1: Sé formular instrucciones (prompts) efectivas para obtener buenos resultados de una IA | AU1: Puedo identificar errores, sesgos o invenciones («alucinaciones») en las respuestas de una IA | AV1: Conozco criterios éticos para usar IA con estudiantes (integridad académica, privacidad, transparencia) | AW1: Puedo diseñar actividades en las que los estudiantes usen IA de forma crítica y responsable | AX1: Me siento preparado/a para orientar a colegas en el uso pedagógico de la IA | AY1: Me interesa formarme en el uso pedagógico de la inteligencia artificial
A2: Karla Mariana Gallo Tehelen | B2: Primaria, Secundaria, Media | C2: Idioma Extranjero | D2: 3 a 10 | E2: Computador propio | F2: Estable | G2: Ninguna | H2: 9 | I2: 100 | J2: 100 | K2: 0 | L2: 100 | M2: 100 | N2: 0 | O2: 100 | P2: 100 | Q2: 100 | R2: 75 | S2: 100 | T2: 75 | U2: 50 | V2: 75 | W2: 100 | X2: 100 | Y2: 100 | Z2: 100 | AA2: 100 | AB2: 100 | AC2: 0 | AD2: 100 | AE2: 50 | AF2: 50 | AG2: 75 | AH2: 75 | AI2: 100 | AJ2: 75 | AK2: 75 | AL2: 75 | AM2: 75 | AN2: 75 | AO2: 75 | AP2: 75 | AQ2: 75 | AR2: 100 | AS2: 100 | AT2: 75 | AU2: 100 | AV2: 75 | AW2: 75 | AX2: 50 | AY2: 100
A3: Laura Katherin Rodríguez Caucali | B3: Preescolar, Primaria | C3: Otra | D3: 3 a 10 | E3: Computador institucional | F3: Estable | G3: Informal o autodidacta | H3: 7 | I3: 75 | J3: 100 | K3: 50 | L3: 75 | M3: 100 | N3: 50 | O3: 100 | P3: 75 | Q3: 100 | R3: 50 | S3: 75 | T3: 75 | U3: 100 | V3: 0 | W3: 66.7 | X3: 100 | Y3: 100 | Z3: 100 | AA3: 100 | AB3: 100 | AC3: 0 | AD3: 75 | AE3: 100 | AF3: 100 | AG3: 50 | AH3: 100 | AI3: 100 | AJ3: 100 | AK3: 75 | AL3: 75 | AM3: 75 | AN3: 75 | AO3: 75 | AP3: 75 | AQ3: 75 | AR3: 75 | AS3: 100 | AT3: 100 | AU3: 100 | AV3: 50 | AW3: 100 | AX3: 75 | AY3: 100
A4: Jorge Iván Hernández Loaiza | B4: Secundaria, Media | C4: Matemáticas | D4: 3 a 10 | E4: Computador propio | F4: Limitada | G4: Cursos cortos | H4: 8 | I4: 100 | J4: 100 | K4: 100 | L4: 100 | M4: 100 | N4: 75 | O4: 75 | P4: 100 | Q4: 75 | R4: 100 | S4: 100 | T4: 100 | U4: 100 | V4: 75 | W4: 100 | X4: 100 | Y4: 100 | Z4: 100 | AA4: 75 | AB4: 100 | AC4: 66.7 | AD4: 100 | AE4: 50 | AF4: 50 | AG4: 50 | AH4: 75 | AI4: 75 | AJ4: 50 | AK4: 75 | AL4: 75 | AM4: 100 | AN4: 75 | AO4: 50 | AP4: 75 | AQ4: 50 | AR4: 75 | AS4: 75 | AT4: 75 | AU4: 75 | AV4: 75 | AW4: 75 | AX4: 50 | AY4: 100
A5: Carlos Augusto Gómez Gualteros | B5: Primaria | C5: Otra | D5: 3 a 10 | E5: Computador propio | F5: Estable | G5: Informal o autodidacta | H5: 9 | I5: 75 | J5: 100 | K5: 100 | L5: 0 | M5: 100 | N5: 75 | O5: 25 | P5: 100 | Q5: 75 | R5: 100 | S5: 100 | T5: 50 | U5: 100 | V5: 75 | W5: 66.7 | X5: 100 | Y5: 100 | Z5: 100 | AA5: 75 | AB5: 50 | AC5: 66.7 | AD5: 50 | AE5: 100 | AF5: 75 | AG5: 100 | AH5: 100 | AI5: 100 | AJ5: 100 | AK5: 100 | AL5: 75 | AM5: 75 | AN5: 25 | AO5: 75 | AP5: 50 | AQ5: 75 | AR5: 75 | AS5: 75 | AT5: 50 | AU5: 100 | AV5: 75 | AW5: 25 | AX5: 75 | AY5: 100
A6: Gabriel Andrés Moreno Angarita | B6: Secundaria, Media | C6: Educación Religiosa | D6: Más de 20 | E6: Computador propio | F6: Estable | G6: Informal o autodidacta | H6: 9 | I6: 100 | J6: 100 | K6: 100 | L6: 100 | M6: 100 | N6: 100 | O6: 100 | P6: 100 | Q6: 100 | R6: 75 | S6: 100 | T6: 100 | U6: 50 | V6: 100 | W6: 100 | X6: 75 | Y6: 25 | Z6: 100 | AA6: 50 | AB6: 25 | AC6: 0 | AD6: 100 | AE6: 100 | AF6: 75 | AG6: 50 | AH6: 100 | AI6: 75 | AJ6: 100 | AK6: 75 | AL6: 75 | AM6: 50 | AN6: 25 | AO6: 100 | AP6: 100 | AQ6: 100 | AR6: 100 | AS6: 100 | AT6: 100 | AU6: 100 | AV6: 100 | AW6: 100 | AX6: 75 | AY6: 100
A7: Laura Milena Casallas Velandia | B7: Secundaria, Media | C7: Educación Física | D7: 3 a 10 | E7: Computador propio | F7: Intermitente | G7: Ninguna | H7: 9 | I7: 75 | J7: 100 | K7: 100 | L7: 100 | M7: 100 | N7: 75 | O7: 75 | P7: 75 | Q7: 100 | R7: 50 | S7: 75 | T7: 75 | U7: 100 | V7: 25 | W7: 66.7 | X7: 100 | Y7: 100 | Z7: 75 | AA7: 75 | AB7: 0 | AC7: 0 | AD7: 100 | AE7: 75 | AF7: 75 | AG7: 25 | AH7: 100 | AI7: 100 | AJ7: 75 | AK7: 75 | AL7: 75 | AM7: 0 | AN7: 0 | AO7: 75 | AP7: 75 | AQ7: 0 | AR7: 100 | AS7: 75 | AT7: 75 | AU7: 50 | AV7: 75 | AW7: 75 | AX7: 75 | AY7: 75
A8: Norma constanza ortiz cañon | B8: Primaria | C8: Idioma Extranjero | D8: 11 a 20 | E8: Computador propio | F8: Estable | G8: Informal o autodidacta | H8: 9 | I8: 100 | J8: 75 | K8: 50 | L8: 100 | M8: 100 | N8: 50 | O8: 100 | P8: 75 | Q8: 100 | R8: 50 | S8: 75 | T8: 75 | U8: 50 | V8: 25 | W8: 100 | X8: 100 | Y8: 100 | Z8: 100 | AA8: 100 | AB8: 50 | AC8: 0 | AD8: 75 | AE8: 25 | AF8: 25 | AG8: 25 | AH8: 50 | AI8: 25 | AJ8: 50 | AK8: 100 | AL8: 100 | AM8: 75 | AN8: 100 | AO8: 100 | AP8: 75 | AQ8: 50 | AR8: 50 | AS8: 75 | AT8: 50 | AU8: 75 | AV8: 50 | AW8: 50 | AX8: 25 | AY8: 75
A9: Angela Viviana Alarcón Alfonso | B9: Primaria | C9: Ciencias Sociales | D9: 11 a 20 | E9: Computador institucional | F9: Intermitente | G9: Informal o autodidacta | H9: 9 | I9: 75 | J9: 100 | K9: 100 | L9: 100 | M9: 100 | N9: 100 | O9: 75 | P9: 100 | Q9: 100 | R9: 75 | S9: 75 | T9: 25 | U9: 100 | V9: 50 | W9: 66.7 | X9: 100 | Y9: 100 | Z9: 75 | AA9: 50 | AB9: 25 | AC9: 0 | AD9: 75 | AE9: 75 | AF9: 50 | AG9: 0 | AH9: 75 | AI9: 50 | AJ9: 75 | AK9: 50 | AL9: 25 | AM9: 0 | AN9: 0 | AO9: 0 | AP9: 25 | AQ9: 0 | AR9: 75 | AS9: 75 | AT9: 50 | AU9: 75 | AV9: 25 | AW9: 25 | AX9: 25 | AY9: 75
A10: Gustavo Adolfo Toscano Gaitán | B10: Secundaria | C10: Idioma Extranjero | D10: 11 a 20 | E10: Computador propio | F10: Intermitente | G10: Posgrado o certificación formal | H10: 9 | I10: 75 | J10: 100 | K10: 100 | L10: 50 | M10: 100 | N10: 100 | O10: 100 | P10: 75 | Q10: 100 | R10: 100 | S10: 100 | T10: 100 | U10: 100 | V10: 100 | W10: 66.7 | X10: 100 | Y10: 50 | Z10: 100 | AA10: 75 | AB10: 100 | AC10: 0 | AD10: 100 | AE10: 50 | AF10: 75 | AG10: 100 | AH10: 100 | AI10: 100 | AJ10: 50 | AK10: 100 | AL10: 100 | AM10: 100 | AN10: 50 | AO10: 100 | AP10: 100 | AQ10: 100 | AR10: 100 | AS10: 75 | AT10: 100 | AU10: 100 | AV10: 100 | AW10: 100 | AX10: 75 | AY10: 50
A11: Kelly Jalexy Díaz Olaya | B11: Secundaria, Media | C11: Ciencias Naturales | D11: 3 a 10 | E11: Computador propio | F11: Intermitente | G11: Informal o autodidacta | H11: 9 | I11: 100 | J11: 75 | K11: 100 | L11: 100 | M11: 100 | N11: 100 | O11: 100 | P11: 100 | Q11: 100 | R11: 100 | S11: 100 | T11: 100 | U11: 100 | V11: 100 | W11: 100 | X11: 100 | Y11: 100 | Z11: 100 | AA11: 100 | AB11: 100 | AC11: 0 | AD11: 100 | AE11: 100 | AF11: 50 | AG11: 50 | AH11: 100 | AI11: 100 | AJ11: 100 | AK11: 100 | AL11: 75 | AM11: 100 | AN11: 75 | AO11: 100 | AP11: 100 | AQ11: 75 | AR11: 100 | AS11: 75 | AT11: 100 | AU11: 75 | AV11: 100 | AW11: 100 | AX11: 75 | AY11: 100
A12: Deisy Camila Flautero Arias | B12: Primaria | C12: Ciencias Naturales | D12: 3 a 10 | E12: Computador propio | F12: Estable | G12: Cursos cortos | H12: 9 | I12: 100 | J12: 100 | K12: 100 | L12: 100 | M12: 50 | N12: 100 | O12: 75 | P12: 75 | Q12: 100 | R12: 75 | S12: 100 | T12: 75 | U12: 75 | V12: 100 | W12: 100 | X12: 100 | Y12: 100 | Z12: 100 | AA12: 100 | AB12: 75 | AC12: 66.7 | AD12: 100 | AE12: 100 | AF12: 100 | AG12: 100 | AH12: 100 | AI12: 100 | AJ12: 100 | AK12: 100 | AL12: 100 | AM12: 100 | AN12: 75 | AO12: 100 | AP12: 100 | AQ12: 75 | AR12: 100 | AS12: 100 | AT12: 75 | AU12: 75 | AV12: 75 | AW12: 100 | AX12: 75 | AY12: 100
A13: Jaime Orlando Ramírez Vargas | B13: Secundaria, Media | C13: Ciencias Sociales | D13: 11 a 20 | E13: Computador institucional | F13: Limitada | G13: Informal o autodidacta | H13: 8 | I13: 100 | J13: 100 | K13: 25 | L13: 100 | M13: 100 | N13: 75 | O13: 100 | P13: 100 | Q13: 100 | R13: 100 | S13: 100 | T13: 100 | U13: 75 | V13: 50 | W13: 33.3 | X13: 100 | Y13: 50 | Z13: 25 | AA13: 25 | AB13: 50 | AC13: 33.3 | AD13: 100 | AE13: 100 | AF13: 50 | AG13: 25 | AH13: 50 | AI13: 50 | AJ13: 50 | AK13: 75 | AL13: 75 | AM13: 50 | AN13: 50 | AO13: 50 | AP13: 50 | AQ13: 25 | AR13: 75 | AS13: 100 | AT13: 100 | AU13: 75 | AV13: 75 | AW13: 75 | AX13: 50 | AY13: 50
... A29: Mayuri Andrea Soche Vargas | B29: Primaria, Secundaria | C29: Matemáticas | D29: 11 a 20 | E29: Computador propio | F29: Estable | G29: Cursos cortos | H29: 9 | I29: 50 | J29: 100 | K29: 75 | L29: 100 | M29: 100 | N29: 50 | O29: 75 | P29: 50 | Q29: 75 | R29: 75 | S29: 100 | T29: 75 | U29: 75 | V29: 75 | W29: 100 | X29: 75 | Y29: 75 | Z29: 75 | AA29: 75 | AB29: 75 | AC29: 33.3 | AD29: 100 | AE29: 100 | AF29: 100 | AG29: 100 | AH29: 100 | AI29: 75 | AJ29: 75 | AK29: 75 | AL29: 75 | AM29: 100 | AN29: 50 | AO29: 50 | AP29: 100 | AQ29: 75 | AR29: 100 | AS29: 100 | AT29: 100 | AU29: 50 | AV29: 75 | AW29: 50 | AX29: 50 | AY29: 100

Sheet Cruce_Nomina
A1: Cruce con la nómina 2026 — cobertura y no respondientes
H2: 33
A3: Docente (nómina) | B3: ¿Respondió? | C3: Coincidencia en formulario | D3: Carga horaria* | E3: N.º de roles* | F3: Líder/coord.* | G3: Posgrado*
A4: LEIDY KATHERINE GARCIA | B4: Sí | C4: LEIDY KATHERINE GARCÍA URUEÑA | D4: 25 | E4: 3 | F4: — | G4: —
A5: KELLY JALEXY DIAZ OLAYA | B5: Sí | C5: Kelly Jalexy Díaz Olaya | D5: 26 | E5: 4 | F5: Sí | G5: Sí
A6: DEISY CAMILA FLAUTERO | B6: Sí | C6: Deisy Camila Flautero Arias | D6: 25 | E6: 4 | F6: — | G6: —
A7: NATALIE ALEJANDRA CARRILLO J | B7: Sí | C7: Natalie Alejandra Carrillo Jerez | D7: 22 | E7: 5 | F7: — | G7: —
A8: BRINTEY JULIETH GARZÓN MORENO | B8: Sí | C8: Brintey Julieth Garzón Moreno | D8: 23 | E8: 6 | F8: Sí | G8: —
A9: JULIANA INÉS TRUJILLO PARRADO | B9: Sí | C9: Juliana Inés Trujillo parrado | D9: 22 | E9: 4 | F9: — | G9: —
A10: ALEXANDRA VALENZUELA | B10: Sí | C10: Karen Alexandra Valenzuela Pulido | D10: 22 | E10: 5 | F10: — | G10: —
A11: MARIA ISABEL BUITRAGO | B11: Sí | C11: María Isabel Buitrago Moreno | D11: 26 | E11: 4 | F11: — | G11: —
A12: KARLA MARIANA GALLO TEHELEN | B12: Sí | C12: Karla Mariana Gallo Tehelen | D12: 25 | E12: 5 | F12: Sí | G12: —
A13: GUSTAVO ADOLFO TOSCANO | B13: Sí | C13: Gustavo Adolfo Toscano Gaitán | D13: 25 | E13: 4 | F13: Sí | G13: —
A14: NORMA ORTIZ | B14: Sí | C14: Norma constanza ortiz cañon | D14: 24 | E14: 4 | F14: — | G14: —
A15: GINA CORTÉS | B15: Sí | C15: Gina Maria Cortes Vasquez | D15: 24 | E15: 3 | F15: — | G15: —
... A34: KATHERINE PARRA PEÑA | B34: No | C34: — | D34: 25 | E34: 4 | F34: — | G34: Sí
A35: SANDRA FUENTES | B35: Sí | C35: Sandra Pilar Fuentes Simbaqueba | D35: — | E35: 1 | F35: — | G35: Sí
A36: LAURA RODRIGUEZ | B36: Sí | C36: Laura Katherin Rodríguez Caucali | D36: — | E36: 1 | F36: — | G36: —
A38: Universo: 33 docentes · Respondieron: 28 · No respondieron: 5
A39: * Carga horaria, roles, liderazgo y posgrado se extrajeron del roster institucional (formato apilado). Valores indicativos, sujetos a verificación.
A40: La caracterización no contiene edad ni llave de correo; el cruce se realizó por nombre.

Sheet Notas_metodo
B1: Notas metodológicas y de codificación
B3: Codificación de ítems (0–100)
B4: • Escala de acuerdo (1–5): índice = (valor − 1) / 4 × 100.
B5: • Ítems de redacción inversa (agobio ante cambios; preferir métodos habituales): índice = (5 − valor) / 4 × 100.
B6: • Ítems de frecuencia: Nunca=0 · Mensual=33,3 · Semanal=66,7 · Diario=100.
B7: • D7 (conocimiento aplicado): puntuación del cuestionario (0–9) / 9 × 100.
B8: Dimensiones y ponderación
B9: • Índice global = promedio ponderado de las 7 dimensiones, con D6 (IA) con peso doble; resto peso 1.
B10: • Umbrales MEN: Explorador < 50 · Integrador 50–74 · Innovador ≥ 75.
B11: Alcance estadístico
B12: • Censo (N=28), no muestra: análisis descriptivo. Sin inferencia ni márgenes de error.
B13: • Segmentos con n pequeño se interpretan con cautela.
... B16: Fuente Diagnóstico_de_Competencias_Digitales_Docentes — ENSMA (Línea Base) · respuestas. Hojas: «Respuestas de formulario 1» y «caracterización».
